group,site_title,active,first_seen,last_seen,victim_count,language,login_gate,screenshot_url,first_party_victims,mirrors_up
qilin,Qilin blog,yes,2022-10-08,2026-10-03,2328,,,https://threatcluster.lon1.digitaloceanspaces.com/darkweb-groups/qilin/20260927T033244Z.png,115,0
lockbit3,,yes,2021-12-26,2025-12-05,2016,,,,71,0
akira,,yes,2023-04-12,2026-10-03,1630,,,,0,0
play,PLAY NEWS,no,2022-11-26,2026-09-30,1322,unknown,no,https://threatcluster.lon1.digitaloceanspaces.com/darkweb-groups/play/20260612T033041Z.png,0,0
clop,,yes,2020-03-13,2026-09-10,1302,,,,139,0
lockbit2,,no,2021-09-09,2022-06-28,1002,,,,0,0
incransom,,yes,2023-08-06,2026-10-01,959,unknown,no,https://threatcluster.lon1.digitaloceanspaces.com/darkweb-groups/incransom/20261003T033808Z.png,50,0
thegentlemen,Gentlecloud Protection,yes,2023-02-28,2026-10-02,921,unknown,yes,https://threatcluster.lon1.digitaloceanspaces.com/darkweb-groups/thegentlemen/20261003T034435Z.png,0,0
ransomhub,,no,2023-03-09,2025-03-31,842,,,,0,0
alphv,,no,2021-09-09,2024-03-03,731,,,,0,0
dragonforce,DragonForce | Blog,yes,2022-10-20,2026-09-24,657,unknown,no,https://threatcluster.lon1.digitaloceanspaces.com/darkweb-groups/dragonforce/20260928T033133Z.png,43,2
safepay,Safepay Blog,yes,2023-11-10,2026-09-30,581,,,https://threatcluster.lon1.digitaloceanspaces.com/darkweb-groups/safepay/20260927T033048Z.png,63,0
bianlian,,no,2022-07-14,2025-03-31,552,,,,0,0
blackbasta,,no,2022-04-26,2025-01-11,523,,,,0,0
medusa,,no,2023-01-11,2026-02-13,517,,,,0,0
8base,,no,2022-04-03,2025-02-01,455,,,,0,0
lynx,Lynx,yes,2023-05-22,2026-08-27,417,unknown,no,https://threatcluster.lon1.digitaloceanspaces.com/darkweb-groups/lynx/20260930T033037Z.png,0,0
everest,,yes,2021-09-09,2026-09-25,404,,,,221,0
lockbit5,LockBit - Leaked,yes,2023-04-17,2026-09-29,370,unknown,no,https://threatcluster.lon1.digitaloceanspaces.com/darkweb-groups/lockbit5/20261003T033205Z.png,139,1
conti,,no,2020-07-31,2022-06-07,351,,,,0,0
dispossessor,,no,2020-02-03,2024-08-11,344,,,,0,0
nightspire,RaaS Service Started,yes,2025-02-17,2026-10-01,331,en,no,https://threatcluster.lon1.digitaloceanspaces.com/darkweb-groups/nightspire/20261003T034339Z.png,24,0
pysa,,no,2020-07-01,2022-09-20,309,,,,0,0
hunters,,no,2021-09-09,2025-05-27,307,,,,0,0
rhysida,Rhysida,yes,2023-06-05,2026-10-03,295,unknown,no,https://threatcluster.lon1.digitaloceanspaces.com/darkweb-groups/rhysida/20261003T033854Z.png,0,0
killsec,,yes,2024-02-21,2026-09-18,286,,,,237,0
sinobi,Sinobi,no,2025-03-24,2026-05-05,274,unknown,no,https://threatcluster.lon1.digitaloceanspaces.com/darkweb-groups/sinobi/20260526T033318Z.png,0,0
cactus,,no,2023-07-03,2025-03-17,248,unknown,no,https://threatcluster.lon1.digitaloceanspaces.com/darkweb-groups/cactus/20260823T033211Z.png,0,0
ransomhouse,©RansomHouse,yes,2021-06-01,2026-09-12,212,unknown,no,https://threatcluster.lon1.digitaloceanspaces.com/darkweb-groups/ransomhouse/20261003T034051Z.png,0,1
royal,,no,2022-11-04,2023-07-19,211,,,,0,0
hive,,no,2021-08-14,2023-01-16,208,,,,0,0
coinbasecartel,System Breach • Coinbasecartel,no,2023-05-26,2026-08-23,206,unknown,no,https://threatcluster.lon1.digitaloceanspaces.com/darkweb-groups/coinbasecartel/20260825T033023Z.png,0,0
fog,,no,2021-12-20,2025-03-20,189,,,,0,0
stormous,,no,2022-03-22,2026-06-28,188,,,,0,0
vicesociety,,no,2021-05-31,2023-06-20,188,,,,0,0
blacksuit,,no,2023-06-12,2025-05-29,184,,,,0,0
devman,,no,2023-06-07,2026-02-03,184,,,,0,0
babuk2,,no,2021-02-01,2025-04-06,180,,,,0,0
nova,,yes,2025-03-22,2026-07-25,178,,,,0,0
handala,,yes,2024-04-05,2026-04-07,175,,,,0,0
worldleaks,World Leaks,no,2022-06-23,2026-07-21,174,en,no,https://threatcluster.lon1.digitaloceanspaces.com/darkweb-groups/worldleaks/20260721T033031Z.png,0,0
funksec,,yes,2023-04-13,2025-03-18,172,,,,0,0
malas,,no,2023-04-09,2023-04-09,170,,,,0,0
cloak,CAPTCHA Verification,yes,2023-08-24,2026-06-18,166,unknown,yes,https://threatcluster.lon1.digitaloceanspaces.com/darkweb-groups/cloak/20261003T034432Z.png,0,0
shinyhunters,[sh] · queue,yes,2024-04-23,2026-09-24,161,,,https://threatcluster.lon1.digitaloceanspaces.com/darkweb-groups/shinyhunters/20260927T033141Z.png,0,0
krybit,,yes,2026-03-30,2026-10-02,159,unknown,no,https://threatcluster.lon1.digitaloceanspaces.com/darkweb-groups/krybit/20261003T033917Z.png,184,0
apt73,BASHE,yes,2024-04-05,2026-07-24,157,,,https://threatcluster.lon1.digitaloceanspaces.com/darkweb-groups/apt73/20260927T033133Z.png,238,0
spacebears,,yes,2024-04-25,2026-09-23,157,,,,41,1
silentransomgroup,,yes,2022-06-07,2026-08-27,155,,,,0,0
blackbyte,,no,2021-10-04,2025-07-30,147,,,,0,0
avaddon,,no,2021-02-01,2021-09-09,146,,,,0,0
meow,,no,2023-09-04,2024-11-19,145,,,,0,0
snatch,,no,2021-11-29,2024-05-15,142,,,,0,0
sarcoma,Sarcoma Group,yes,2024-07-09,2026-03-30,141,en,no,https://threatcluster.lon1.digitaloceanspaces.com/darkweb-groups/sarcoma/20261003T033051Z.png,22,1
direwolf,DireWolf,no,2025-04-17,2026-09-11,135,en,no,https://threatcluster.lon1.digitaloceanspaces.com/darkweb-groups/direwolf/20260901T033014Z.png,30,0
interlock,Interlock,yes,2023-12-01,2026-09-30,129,unknown,no,https://threatcluster.lon1.digitaloceanspaces.com/darkweb-groups/interlock/20260926T033021Z.png,46,2
ragnarlocker,This site has been seized,no,2020-04-01,2023-10-11,128,unknown,no,https://threatcluster.lon1.digitaloceanspaces.com/darkweb-groups/ragnarlocker/20260916T034555Z.png,0,0
noescape,,no,2023-06-07,2023-11-26,126,,,,0,0
raworld,,no,2023-04-27,2024-12-28,126,,,,0,0
pear,403 Forbidden,yes,2023-08-18,2026-09-24,124,unknown,no,https://threatcluster.lon1.digitaloceanspaces.com/darkweb-groups/pear/20261002T033020Z.png,37,0
genesis,GENESIS,no,2024-05-07,2026-09-30,121,,,https://threatcluster.lon1.digitaloceanspaces.com/darkweb-groups/genesis/20260927T033018Z.png,27,0
toufan,,yes,2023-12-17,2023-12-27,117,,,,0,0
arcusmedia,A r c u s,yes,2024-05-08,2026-09-27,115,unknown,no,https://threatcluster.lon1.digitaloceanspaces.com/darkweb-groups/arcusmedia/20261003T034339Z.png,75,0
anubis,Captcha,yes,2025-02-25,2026-09-22,112,unknown,yes,https://threatcluster.lon1.digitaloceanspaces.com/darkweb-groups/anubis/20260928T033022Z.png,92,3
eldorado,,yes,2023-10-19,2025-01-22,112,,,,0,0
payoutsking,Captcha,yes,2025-04-17,2026-09-23,111,en,yes,https://threatcluster.lon1.digitaloceanspaces.com/darkweb-groups/payoutsking/20261003T034401Z.png,0,0
monti,,no,2022-12-07,2025-05-07,110,,,,0,0
cuba,,no,2021-02-03,2024-02-01,103,,,,0,0
deadlock,Deadlock - Blog,yes,,,103,en,no,https://threatcluster.lon1.digitaloceanspaces.com/darkweb-groups/deadlock/20261003T033311Z.png,24,1
medusalocker,Verifying...,yes,2021-11-03,2026-09-28,101,unknown,yes,https://threatcluster.lon1.digitaloceanspaces.com/darkweb-groups/medusalocker/20261002T033029Z.png,0,0
kairos,Kairos,yes,2024-06-26,2026-10-01,100,en,no,https://threatcluster.lon1.digitaloceanspaces.com/darkweb-groups/kairos/20261003T033041Z.png,15,1
threeam,Enter the key,yes,2023-08-04,2026-09-28,99,,,https://threatcluster.lon1.digitaloceanspaces.com/darkweb-groups/threeam/20261003T034413Z.png,0,0
revil,,no,2019-08-26,2022-11-28,96,,,,0,0
chaos,CHAOS,yes,2025-02-19,2026-10-01,95,unknown,no,https://threatcluster.lon1.digitaloceanspaces.com/darkweb-groups/chaos/20260928T033035Z.png,172,1
abyss,Abyss-data,yes,2023-03-21,2026-08-26,91,unknown,no,https://threatcluster.lon1.digitaloceanspaces.com/darkweb-groups/abyss/20260929T033023Z.png,53,1
braincipher,Brain Cipher Dataleak,yes,2024-07-01,2026-07-22,89,unknown,no,https://threatcluster.lon1.digitaloceanspaces.com/darkweb-groups/braincipher/20261003T033428Z.png,63,1
ransomexx,RansomEXX v2,yes,2020-05-14,2026-06-20,86,en,no,https://threatcluster.lon1.digitaloceanspaces.com/darkweb-groups/ransomexx/20261003T034012Z.png,11,1
settra,,yes,2026-06-02,2026-09-25,84,,,https://threatcluster.lon1.digitaloceanspaces.com/darkweb-groups/settra/20260927T033226Z.png,0,0
storm,Storm Blog,yes,,,81,,,https://threatcluster.lon1.digitaloceanspaces.com/darkweb-groups/storm/20261003T033725Z.png,0,1
lorenz,,no,2020-01-12,2023-12-01,78,,,,0,0
warlock,,no,2025-04-02,2025-11-06,78,,,,0,0
cicada3301,,no,2024-06-04,2025-09-04,75,,,,0,0
payload,Payload | Leaks,yes,2026-02-17,2026-09-28,75,,,https://threatcluster.lon1.digitaloceanspaces.com/darkweb-groups/payload/20260927T033108Z.png,75,0
karakurt,,no,2022-12-11,2023-09-22,74,,,,0,0
beast,,yes,2023-12-19,2026-08-30,73,,,,45,1
avoslocker,,no,2021-06-13,2023-02-11,70,,,,0,0
quantum,,no,2021-09-09,2022-12-09,68,,,,0,0
ransomed,,no,2023-08-21,2023-10-30,68,,,,0,0
blacklock,,no,2023-11-27,2025-07-02,64,,,,0,0
lv,,no,2021-11-22,2022-11-27,63,,,,0,0
flocker,,no,2024-04-25,2025-07-31,59,,,,0,0
maze,,no,2019-10-21,2020-09-11,59,,,,0,0
darkvault,DarkVault,yes,2024-02-08,2025-01-06,55,unknown,no,https://threatcluster.lon1.digitaloceanspaces.com/darkweb-groups/darkvault/20260917T033048Z.png,0,0
metaencryptor,Metaencrypter::Home,yes,2023-08-16,2026-09-25,55,en,no,https://threatcluster.lon1.digitaloceanspaces.com/darkweb-groups/metaencryptor/20261003T034417Z.png,82,1
gunra,G*NRA,yes,2025-04-07,2026-09-04,54,en,no,https://threatcluster.lon1.digitaloceanspaces.com/darkweb-groups/gunra/20261003T033921Z.png,0,0
losttrust,,no,2023-09-26,2023-09-26,53,,,,0,0
termite,Termite,yes,2023-05-11,2026-09-25,53,unknown,no,https://threatcluster.lon1.digitaloceanspaces.com/darkweb-groups/termite/20261003T034327Z.png,46,0
auditteam,/// DATA EXPOSURE TERMINAL ///,yes,2026-02-21,2026-08-27,52,unknown,no,https://threatcluster.lon1.digitaloceanspaces.com/darkweb-groups/auditteam/20261003T033143Z.png,34,2
insomnia,Insomnia,yes,2025-02-14,2026-09-15,52,unknown,yes,https://threatcluster.lon1.digitaloceanspaces.com/darkweb-groups/insomnia/20261003T034229Z.png,47,1
ailock,AiLock Data Leaks,yes,2015-04-29,2026-08-26,51,en,no,https://threatcluster.lon1.digitaloceanspaces.com/darkweb-groups/ailock/20261003T033219Z.png,60,1
mallox,,no,2022-11-04,2024-07-14,49,,,,0,0
tengu,,no,2025-10-23,2026-03-07,49,,,,0,0
trigona,,no,2023-04-11,2024-03-30,49,,,,0,0
global secret group,Home — Global Secret Group,yes,,,48,en,no,https://threatcluster.lon1.digitaloceanspaces.com/darkweb-groups/global_secret_group/20261003T033533Z.png,49,1
knight,,no,2023-09-06,2024-02-12,48,,,,0,0
nitrogen,,no,2023-03-29,2026-06-03,48,,,,0,0
blacknevas,DLS,yes,2023-04-24,2026-09-16,47,,,https://threatcluster.lon1.digitaloceanspaces.com/darkweb-groups/blacknevas/20260927T033137Z.png,1,0
crypto24,,yes,2023-12-13,2026-08-31,47,,,,7,0
orova,Sign In,yes,,,47,unknown,yes,https://threatcluster.lon1.digitaloceanspaces.com/darkweb-groups/orova/20261003T033701Z.png,0,2
lamashtu,Lamashtu.Blog,yes,2026-04-11,2026-09-30,44,en,no,https://threatcluster.lon1.digitaloceanspaces.com/darkweb-groups/lamashtu/20261001T033030Z.png,0,1
m3rx,,yes,2026-04-29,2026-09-29,44,,,https://threatcluster.lon1.digitaloceanspaces.com/darkweb-groups/m3rx/20261001T033018Z.png,42,1
midas,,no,2021-11-29,2022-04-14,44,,,,0,0
securotrop,,yes,2025-06-11,2026-09-18,44,unknown,no,https://threatcluster.lon1.digitaloceanspaces.com/darkweb-groups/securotrop/20261003T034142Z.png,39,0
blackshrantac,,no,2025-09-17,2026-01-16,43,,,,0,0
cmdorganization,CMD // home,yes,2026-01-25,2026-07-31,43,en,no,https://threatcluster.lon1.digitaloceanspaces.com/darkweb-groups/cmdorganization/20261003T033257Z.png,3,1
donutleaks,,no,2022-08-24,2024-07-24,42,,,,0,0
embargo,,yes,2024-04-17,2026-09-09,41,,,,17,0
j,,yes,2025-02-17,2025-11-01,41,,,,0,0
aurora,,yes,2026-04-17,2026-10-01,40,,,,43,1
darkleakmarket,,no,2021-09-09,2022-05-25,39,,,,41,0
dragonransomware,,no,2024-10-22,2024-12-16,39,,,,0,0
global,GLOBAL // Blog,yes,2025-05-28,2026-09-12,38,en,no,https://threatcluster.lon1.digitaloceanspaces.com/darkweb-groups/global/20260916T034248Z.png,9,0
crpxo,,yes,,,37,,,,0,0
ciphbit,,no,2023-09-14,2026-02-10,36,,,,0,0
helldown,,no,2024-08-05,2024-11-06,36,,,,0,0
moneymessage,News,yes,2023-01-04,2026-09-21,36,unknown,no,https://threatcluster.lon1.digitaloceanspaces.com/darkweb-groups/moneymessage/20260930T033058Z.png,0,1
nokoyawa,,no,2022-12-09,2023-08-04,36,,,,0,0
panzer,Panzer | Blog,yes,,,36,en,no,https://threatcluster.lon1.digitaloceanspaces.com/darkweb-groups/panzer/20261003T033705Z.png,0,1
arvinclub,,no,2021-09-09,2023-10-15,35,,,,0,0
spook,,no,2021-10-04,2021-10-19,35,,,,0,0
emperador,EMPERADOR,yes,,,34,en,no,https://threatcluster.lon1.digitaloceanspaces.com/darkweb-groups/emperador/20261003T033503Z.png,43,0
dan0n,,yes,2024-03-26,2024-08-23,33,,,,0,0
obscura,,no,2025-07-16,2026-01-11,33,,,,0,0
wannacry,,no,2017-05-12,2018-02-23,33,,,,0,0
blackmatter,,no,2021-09-08,2021-11-04,32,,,,0,0
marketo,,no,2021-12-07,2022-02-14,32,,,,0,0
suncrypt,,no,2020-08-24,2022-06-18,32,,,,0,0
alphalocker,--,yes,2024-01-24,2026-02-28,31,el,yes,https://threatcluster.lon1.digitaloceanspaces.com/darkweb-groups/alphalocker/20261003T033944Z.png,2,0
booba project,Please Don't!,yes,,,30,unknown,no,https://threatcluster.lon1.digitaloceanspaces.com/darkweb-groups/booba_project/20261003T033249Z.png,15,2
dark project,Dark Project,yes,,,30,en,no,https://threatcluster.lon1.digitaloceanspaces.com/darkweb-groups/dark_project/20261003T033348Z.png,24,0
frag,,no,2024-09-24,2025-06-12,30,,,,0,0
bravox,Verification Required,yes,2025-05-15,2026-09-20,29,,,https://threatcluster.lon1.digitaloceanspaces.com/darkweb-groups/bravox/20260927T033157Z.png,0,2
payloadbin,,no,2021-09-09,2022-01-06,29,,,,0,0
l group,,yes,,,28,,,,0,0
onyx,,no,2022-04-29,2022-11-21,28,,,,0,0
wallstreet,Wallstreet | DLS,yes,,,28,en,no,https://threatcluster.lon1.digitaloceanspaces.com/darkweb-groups/wallstreet/20261003T033816Z.png,1,1
fulcrumsec,FulcrumSec,yes,2026-05-01,2026-09-11,27,unknown,no,https://threatcluster.lon1.digitaloceanspaces.com/darkweb-groups/fulcrumsec/20261003T034419Z.png,28,0
kelvinsecurity,,no,2022-04-01,2022-05-24,26,,,,0,0
netwalker,,no,2020-01-31,2020-12-12,26,,,,0,0
titan,TITAN,yes,2026-04-14,2026-09-22,26,en,no,https://threatcluster.lon1.digitaloceanspaces.com/darkweb-groups/titan/20261003T034456Z.png,26,1
underground,All data | Underground store,yes,2023-05-30,2025-08-15,26,unknown,no,https://threatcluster.lon1.digitaloceanspaces.com/darkweb-groups/underground/20261003T034247Z.png,13,0
unsafe,UnSafe,yes,2022-12-21,2026-09-21,26,,,https://threatcluster.lon1.digitaloceanspaces.com/darkweb-groups/unsafe/20260927T033138Z.png,13,1
werewolves,,yes,2023-05-18,2024-03-04,26,,,,0,0
doppelpaymer,,no,2019-05-25,2021-04-10,25,,,,0,0
kraken,,no,2024-02-12,2025-11-13,25,,,,0,0
lapsus$,,yes,2021-12-10,2026-06-23,25,,,,0,0
vect,,no,2025-10-05,2026-04-15,25,,,,0,0
zawoo,,yes,,,25,,,,0,0
morpheus,MORPHEUS (contact morpheus.support@onionmail.org),yes,2025-01-07,2026-10-01,24,en,no,https://threatcluster.lon1.digitaloceanspaces.com/darkweb-groups/morpheus/20261003T034500Z.png,0,1
radar,RADAR,yes,2024-01-22,2026-04-29,24,unknown,no,https://threatcluster.lon1.digitaloceanspaces.com/darkweb-groups/radar/20261003T033846Z.png,0,0
majinahanashi,MAJIN — Entry,yes,,,22,unknown,yes,https://threatcluster.lon1.digitaloceanspaces.com/darkweb-groups/majinahanashi/20261003T033611Z.png,0,1
daixin,Data Leak,yes,2022-08-03,2025-09-11,21,,,https://threatcluster.lon1.digitaloceanspaces.com/darkweb-groups/daixin/20260927T033045Z.png,47,1
shadowbyt3$,ShadowByt3$ 2.0,yes,2026-02-17,2026-08-29,21,unknown,yes,https://threatcluster.lon1.digitaloceanspaces.com/darkweb-groups/shadowbyt3_/20261003T033643Z.png,0,1
xinglocker,,no,2021-04-29,2021-10-26,21,,,,0,0
hellcat,,no,2024-10-25,2025-04-07,20,,,,0,0
kazu,KAZU,yes,2025-11-06,2026-09-07,20,,,https://threatcluster.lon1.digitaloceanspaces.com/darkweb-groups/kazu/20260927T033250Z.png,0,1
leaktheanalyst,,no,2022-01-01,2022-03-29,20,,,,0,0
cephalus,,no,2025-06-28,2025-08-29,19,,,,0,0
ralord,New upgrade for Brand,yes,2025-03-22,2025-04-27,19,unknown,no,https://threatcluster.lon1.digitaloceanspaces.com/darkweb-groups/ralord/20261003T033123Z.png,2,3
siegedsec,,no,2023-11-26,2023-12-09,19,,,,0,0
brotherhood,,no,2025-04-04,2026-01-06,18,,,,0,0
d4rk4rmy,,no,2025-07-07,2025-08-16,18,,,,0,0
mountlocker,,no,2021-02-07,2022-02-08,18,,,,0,0
n0n,n0n,yes,,,18,en,no,https://threatcluster.lon1.digitaloceanspaces.com/darkweb-groups/n0n/20261003T034042Z.png,31,1
trinity,,no,2024-06-06,2025-03-16,18,,,,0,0
vexy ransomware,Vexy Ransomware | Blog,yes,,,18,unknown,yes,https://threatcluster.lon1.digitaloceanspaces.com/darkweb-groups/vexy_ransomware/20261003T034003Z.png,18,1
alp-001,,yes,2023-03-27,2026-04-08,17,,,,0,0
kawa4096,,no,2025-06-19,2025-07-28,17,,,,0,0
sabbath,,no,2021-11-22,2022-02-28,17,,,,0,0
tridentlocker,,no,2025-10-21,2026-09-04,17,,,,17,0
apos,,no,2024-04-26,2025-06-24,16,,,,0,0
datacarry,DATACARRY,no,2024-06-26,2025-12-06,16,unknown,no,https://threatcluster.lon1.digitaloceanspaces.com/darkweb-groups/datacarry/20260612T033129Z.png,0,0
dunghill,,no,2023-04-10,2025-07-01,16,,,,0,0
madliberator,,no,2024-05-27,2024-10-01,16,,,,0,0
mosesstaff,,no,2021-12-18,2021-12-18,16,,,,0,0
redransomware,,no,2024-03-05,2024-06-11,16,,,,0,0
cheers,,no,2022-05-29,2022-09-14,15,,,,0,0
exfilsquad,,yes,,,15,,,,18,0
nefilim,,no,2020-05-05,2021-09-09,15,,,,0,0
benzona,,no,2025-11-26,2026-01-30,14,,,,0,0
doommageddon,,yes,,,14,,,,15,1
freecivilian,,no,2022-12-31,2022-12-31,14,,,,0,0
orion,Blog - Orion,yes,2025-10-28,2026-07-27,14,unknown,yes,https://threatcluster.lon1.digitaloceanspaces.com/darkweb-groups/orion/20261003T033859Z.png,21,1
sparta,,no,2022-09-13,2022-09-22,14,,,,0,0
weyhro,,no,2024-12-12,2025-08-10,14,,,,0,0
argonauts,,no,2024-09-15,2024-12-16,13,,,,0,0
barracuda,,yes,,,13,,,,2,1
groove,,no,2021-09-09,2021-10-30,13,,,,0,0
mindware,,no,2022-05-05,2022-05-05,13,,,,0,0
blackout,,yes,2024-02-26,2026-07-19,12,,,https://threatcluster.lon1.digitaloceanspaces.com/darkweb-groups/blackout/20260927T033201Z.png,0,1
icarus,,yes,2026-05-05,2026-06-23,12,,,,0,0
imncrew,,yes,2025-05-05,2025-09-16,12,,,,0,0
teamxxx,,no,2025-02-17,2025-08-03,12,,,,0,0
blackwater,Blog,yes,2026-04-17,2026-08-24,11,,,https://threatcluster.lon1.digitaloceanspaces.com/darkweb-groups/blackwater/20260927T033055Z.png,22,1
black x,Black X,yes,,,11,unknown,yes,https://threatcluster.lon1.digitaloceanspaces.com/darkweb-groups/black_x/20261003T033244Z.png,0,1
cryp70n1c0d3,,no,2021-12-18,2021-12-18,11,,,,0,0
dysphor1a,,yes,,,11,,,,0,0
eclipse,Eclipse Blog,yes,,,11,unknown,no,https://threatcluster.lon1.digitaloceanspaces.com/darkweb-groups/eclipse/20261003T033417Z.png,1,2
icefire,,no,2022-08-20,2022-08-20,11,,,,0,0
crazyhunter,,no,2025-03-05,2025-03-30,10,,,,0,0
darkpower,,no,2023-03-11,2023-03-11,10,,,,0,0
darkrace,,no,2023-05-30,2023-06-09,10,,,,0,0
darkside,,no,2020-08-01,2021-05-13,10,,,,0,0
netrunner,NetRunner Leak,yes,2026-04-03,2026-10-03,10,en,no,https://threatcluster.lon1.digitaloceanspaces.com/darkweb-groups/netrunner/20260928T033113Z.png,12,1
leakbazaar,,yes,2026-04-13,2026-05-09,9,,,,0,0
rook,,no,2021-12-07,2022-01-08,9,,,,0,0
babuk,,no,2020-10-25,2021-07-27,8,,,,0,0
cryptbb,,no,2022-04-03,2023-08-16,8,,,,0,0
helix,HELIX - Leaks,yes,,,8,en,no,https://threatcluster.lon1.digitaloceanspaces.com/darkweb-groups/helix/20261003T033507Z.png,8,2
iah6477,cinder,yes,2026-08-20,2026-09-15,8,unknown,no,https://threatcluster.lon1.digitaloceanspaces.com/darkweb-groups/iah6477/20261003T033826Z.png,8,0
mogilevich,,no,2024-02-20,2024-03-01,8,,,,0,0
qiulong,,no,2024-04-19,2024-06-24,8,,,,0,0
radiant,,no,2025-10-12,2025-10-29,8,,,,0,0
skira,,no,2025-03-06,2025-11-18,8,,,,0,0
vanhelsing,,yes,2025-03-12,2025-04-05,8,,,,0,0
xpl0itrs,xpl0itrs:~,no,2026-06-12,2026-08-20,8,en,no,https://threatcluster.lon1.digitaloceanspaces.com/darkweb-groups/xpl0itrs/20260916T033657Z.png,0,0
0mega,,yes,2022-07-14,2024-01-25,7,,,,0,0
bert,,no,2025-04-04,2025-06-10,7,,,,0,0
chort,,no,2024-11-17,2024-11-22,7,,,,0,0
cyclops,,no,2023-06-29,2023-07-26,7,,,,0,0
gammax,,yes,,,7,,,,8,1
karma,Karma Leaks — Exclusive Leaks & Intelligence,yes,2021-10-04,2021-10-04,7,unknown,yes,https://threatcluster.lon1.digitaloceanspaces.com/darkweb-groups/karma/20261003T034357Z.png,0,1
malekteam,,yes,2023-12-24,2024-04-05,7,,,,0,0
pay2key,,no,2020-12-13,2021-09-09,7,,,,0,0
secp0,SECP0 News,yes,2025-03-14,2026-09-22,7,en,no,https://threatcluster.lon1.digitaloceanspaces.com/darkweb-groups/secp0/20261002T033038Z.png,7,1
arkana,,no,2025-03-24,2025-06-06,6,,,,0,0
cipherforce,,no,2026-02-23,2026-02-23,6,,,,0,0
dataleak,,no,2022-12-02,2022-12-02,6,,,,0,0
rancoz,,no,2023-05-05,2023-09-03,6,,,,0,0
redalert,,no,2022-07-14,2022-09-22,6,,,,0,0
runsomewares,Run Some Wares,yes,2024-06-22,2025-07-10,6,unknown,no,https://threatcluster.lon1.digitaloceanspaces.com/darkweb-groups/runsomewares/20261003T033657Z.png,9,1
silent,,no,2025-03-27,2025-05-04,6,,,,0,0
ulose,ULOSE,yes,,,6,en,no,https://threatcluster.lon1.digitaloceanspaces.com/darkweb-groups/ulose/20261003T033751Z.png,0,1
yanluowang,,no,2022-07-02,2022-08-10,6,,,,0,0
0day syndicate,,yes,,,5,,,,0,0
atomsilo,Atomsilo Ransomware,yes,2021-12-21,2026-02-24,5,en,no,https://threatcluster.lon1.digitaloceanspaces.com/darkweb-groups/atomsilo/20261003T034443Z.png,0,1
bqtlock,,no,2025-07-31,2025-10-11,5,,,,0,0
donex,,no,2024-02-22,2024-02-27,5,,,,0,0
endzone,endzone,yes,,,5,en,no,https://threatcluster.lon1.digitaloceanspaces.com/darkweb-groups/endzone/20261003T034220Z.png,152,1
gdlockersec,,yes,2025-01-24,2025-01-26,5,,,,0,0
kryptos,,no,2025-10-08,2025-11-06,5,,,,0,0
lockbit,,no,2020-10-21,2021-08-23,5,,,,0,0
lockdata,,no,2021-09-09,2021-09-09,5,,,,0,0
minteye,,no,2025-12-07,2025-12-12,5,,,,0,0
ms13089,MS13-089 Blog,yes,2025-12-18,2026-08-15,5,unknown,no,https://threatcluster.lon1.digitaloceanspaces.com/darkweb-groups/ms13089/20261003T033129Z.png,8,1
orca,,no,2024-09-16,2026-04-27,5,,,,0,0
pandora,,no,2022-03-17,2022-03-30,5,,,,0,0
prinzeugen,,yes,2026-02-27,2026-06-04,5,,,,1,0
projectrelic,,no,2022-11-11,2022-12-18,5,,,,0,0
raznatovic,,no,2023-12-17,2024-01-07,5,,,,0,0
spirals,Spirals,yes,,,5,unknown,no,https://threatcluster.lon1.digitaloceanspaces.com/darkweb-groups/spirals/20261003T034100Z.png,6,1
valencialeaks,,yes,2024-09-18,2024-09-18,5,,,,0,0
blacktor,,no,2021-12-30,2021-12-30,4,,,,0,0
cry0,cry0 blog,no,2026-03-30,2026-09-28,4,unknown,no,https://threatcluster.lon1.digitaloceanspaces.com/darkweb-groups/cry0/20261003T034252Z.png,0,0
desolator,,no,2025-08-27,2025-08-31,4,,,,0,0
exitium,Exitium,yes,2026-03-17,2026-04-14,4,en,no,https://threatcluster.lon1.digitaloceanspaces.com/darkweb-groups/exitium/20260930T033045Z.png,7,1
linkc,Linkc Pub,no,2025-01-29,2026-02-27,4,en,no,https://threatcluster.lon1.digitaloceanspaces.com/darkweb-groups/linkc/20260916T034549Z.png,0,0
ransomcortex,,no,2024-07-12,2024-07-12,4,,,,0,0
satanlockv2,SatanLock V2 Leaks,yes,2025-07-04,2025-07-07,4,unknown,no,https://threatcluster.lon1.digitaloceanspaces.com/darkweb-groups/satanlockv2/20261003T033949Z.png,0,1
shaoleaks,,no,2022-11-01,2022-11-01,4,,,,0,0
triple x,,yes,,,4,,,,0,0
blacklocks,BLACKLOCKS,yes,,,3,unknown,yes,https://threatcluster.lon1.digitaloceanspaces.com/darkweb-groups/blacklocks/20261003T034003Z.png,0,1
blackshadow,,no,2021-12-18,2021-12-18,3,,,,0,0
bluebox,,no,2024-12-02,2024-12-14,3,,,,0,0
bonacigroup,,no,2021-10-04,2021-12-06,3,,,,0,0
d1r,,yes,,,3,,,,0,1
ethics,,yes,,,3,,,,0,2
falcon,,yes,,,3,,,,2,1
grief,,no,2021-05-26,2021-06-30,3,,,,0,0
hellogookie,,no,2024-04-19,2024-04-19,3,,,,0,0
mnt6,MNT6,no,2026-04-30,2026-05-02,3,unknown,no,https://threatcluster.lon1.digitaloceanspaces.com/darkweb-groups/mnt6/20260517T033128Z.png,0,0
noname,,no,2023-09-11,2023-09-12,3,,,,0,0
ragnarok,,no,2021-03-31,2021-12-30,3,,,,0,0
rebornvc,,yes,2025-07-08,2025-07-09,3,,,,0,0
redact,REDACT - Companies,yes,,,3,en,no,https://threatcluster.lon1.digitaloceanspaces.com/darkweb-groups/redact/20261003T033611Z.png,3,2
timc,Pixel Dashboard,yes,2026-04-09,2026-04-09,3,en,no,https://threatcluster.lon1.digitaloceanspaces.com/darkweb-groups/timc/20261003T033747Z.png,0,1
trisec,,no,2024-02-16,2024-02-19,3,,,,0,0
vanirgroup,THIS HIDDEN SITE HAS BEEN SEIZED | Vanir Locker Ransomware,no,2024-07-10,2024-07-10,3,de,no,https://threatcluster.lon1.digitaloceanspaces.com/darkweb-groups/vanirgroup/20260503T033849Z.png,0,0
vendetta,,no,2023-02-12,2023-02-27,3,,,,0,0
yurei,,no,2025-09-05,2025-09-09,3,,,,0,0
blackfield,,yes,,,2,,,,0,0
bluewhale,,yes,,,2,,,,0,1
cryptnet,,no,2023-04-19,2023-04-19,2,,,,0,0
imnotavillain,ImNotAVillain,yes,,,2,en,no,https://threatcluster.lon1.digitaloceanspaces.com/darkweb-groups/imnotavillain/20260930T033018Z.png,1,1
kittykatkrew,,no,2026-02-23,2026-02-25,2,,,,0,0
lunalock,,no,2025-09-02,2025-09-13,2,,,,0,0
nightsky,,no,2022-01-04,2022-01-04,2,,,,0,0
osiris,Osiris,no,2025-12-10,2026-01-09,2,unknown,yes,https://threatcluster.lon1.digitaloceanspaces.com/darkweb-groups/osiris/20260503T033617Z.png,0,0
prolock,,no,2020-02-23,2020-04-25,2,,,,0,0
sensayq,,yes,2024-06-04,2024-06-04,2,,,,0,0
the green blood group,,yes,,,2,,,,0,0
zerolockersec,,no,2025-03-25,2025-03-25,2,,,,0,0
crosslock,,no,2023-04-17,2023-04-17,1,,,,0,0
hades,,no,2020-12-15,2020-12-15,1,,,,0,0
insane,,no,2024-01-17,2024-01-17,1,,,,0,0
kyber,CAPTCHA Verification,no,2026-03-18,2026-03-18,1,unknown,yes,https://threatcluster.lon1.digitaloceanspaces.com/darkweb-groups/kyber/20260826T033114Z.png,0,0
la_piovra,,no,2022-06-25,2022-06-25,1,,,,0,0
loki,,yes,2026-03-12,2026-03-12,1,,,,0,0
notpetya,,yes,,,1,,,,0,0
playboy,,no,2024-10-28,2024-10-28,1,,,,0,0
ranstreet,,no,2023-12-21,2023-12-21,1,,,,0,0
reynolds,Reynolds,no,2025-11-13,2025-11-13,1,en,no,https://threatcluster.lon1.digitaloceanspaces.com/darkweb-groups/reynolds/20260705T033223Z.png,0,0
robinhood,,yes,2021-12-06,2021-12-06,1,,,,0,0
sicarii,,no,2026-01-05,2026-01-05,1,,,,0,0
slug,,no,2024-01-15,2024-01-15,1,,,,0,0
sovcali,Sovcali — Blog,yes,,,1,en,no,https://threatcluster.lon1.digitaloceanspaces.com/darkweb-groups/sovcali/20261003T033726Z.png,0,1
synack,,no,2021-03-21,2021-03-21,1,,,,0,0
walocker,,no,2025-06-10,2025-06-10,1,,,,0,0
zerotolerance,,no,2024-05-05,2024-05-05,1,,,,0,0
0apt,404 - Compromised,no,2026-01-28,2026-02-23,0,unknown,no,https://threatcluster.lon1.digitaloceanspaces.com/darkweb-groups/0apt/20260823T033026Z.png,0,0
abrahams_ax,,yes,,,0,,,,0,0
adminlocker,,no,,,0,,,,0,0
againstthewest,,no,,,0,,,,0,0
agl0bgvycg,,yes,,,0,,,,0,0
ako,,no,,,0,,,,0,0
aptlock,,yes,,,0,,,,0,0
avos,,no,,,0,,,,0,0
aware,,no,2026-01-06,2026-01-25,0,,,,0,0
aztroteam,,no,,,0,,,,0,0
babyduck,,no,,,0,,,,0,0
bluelocker,,no,2025-08-19,,0,,,,0,0
bluesky,,no,,,0,,,,0,0
bolt team,,yes,,,0,,,,0,0
chilelocker,,no,,,0,,,,0,0
contfr,ContFR - RAAS,yes,,2026-04-22,0,fr,no,https://threatcluster.lon1.digitaloceanspaces.com/darkweb-groups/contfr/20261003T033230Z.png,0,1
cooming,,no,,,0,,,,0,0
crylock,,no,,,0,,,,0,0
cyberleek,,yes,,,0,,,,0,0
dagonlocker,,no,,,0,,,,0,0
darkangels,,no,,,0,,,,0,0
darkbit,,no,,,0,,,,0,0
darkmatter,,yes,,,0,,,,0,0
datakeeper,Data Keeper - About,no,2026-01-14,2026-04-22,0,unknown,yes,https://threatcluster.lon1.digitaloceanspaces.com/darkweb-groups/datakeeper/20260916T033713Z.png,0,0
diavol,,no,,,0,,,,0,0
dread,Frontpage - Dread,yes,,2026-04-22,0,en,yes,https://threatcluster.lon1.digitaloceanspaces.com/darkweb-groups/dread/20260928T033100Z.png,0,0
ech0raix,,no,,,0,,,,0,0
entropy,,no,,,0,,,,0,0
ep918,,no,,,0,,,,0,0
esxiargs,,no,,,0,,,,0,0
exorcist,,no,,,0,,,,0,0
fletchen,,no,2026-01-03,2026-01-24,0,,,,0,0
fsteam,,no,,,0,,,,0,0
galago,,yes,,,0,,,,0,0
goddamn ransomwhere,,yes,,,0,,,,0,0
haron,,no,,,0,,,,0,0
hellokitty,,no,,,0,,,,0,0
holyghost,,no,,,0,,,,0,0
hotarus,,no,,,0,,,,0,0
lilith,,no,,,0,,,,0,0
lockbit3_fs,LockBit - Leaked,yes,,2026-04-22,0,,,https://threatcluster.lon1.digitaloceanspaces.com/darkweb-groups/lockbit3_fs/20260927T033028Z.png,202,0
lolnek,,no,,,0,,,,0,0
madcat,,no,,,0,,,,0,0
mamona,,no,2025-03-12,,0,,,,0,0
mbc,,no,,,0,,,,0,0
meowciety403,Meowciety403,yes,,,0,en,no,https://threatcluster.lon1.digitaloceanspaces.com/darkweb-groups/meowciety403/20261003T033540Z.png,12,1
montage,,yes,,,0,,,,0,0
mortar,,no,,,0,,,,0,0
mydecryptor,,no,,,0,,,,0,0
n3tworm,,no,,,0,,,,0,0
nasirsecurity,Nasir Security,no,2025-10-05,2025-10-05,0,en,no,https://threatcluster.lon1.digitaloceanspaces.com/darkweb-groups/nasirsecurity/20260824T033107Z.png,0,0
nblock,,no,,,0,,,,0,0
nemty,,no,,,0,,,,0,0
nevada,,no,,,0,,,,0,0
onepercent,,no,,,0,,,,0,0
payday,,yes,,,0,,,,0,0
prometheus,,no,,,0,,,,0,0
promptlock,,no,2025-08-26,,0,,,,0,0
qlocker,,no,,,0,,,,0,0
rabbithole,,no,,,0,,,,0,0
ramp,,no,,2026-02-24,0,,,,0,0
ranion,,no,,,0,,,,0,0
ransombay,,no,2025-05-13,,0,,,,0,0
ransomcartel,,no,,,0,,,,0,0
ranzy,,no,,,0,,,,0,0
rransom,,no,,,0,,,,0,0
section9,,yes,,,0,,,,0,0
sevyware,,yes,,,0,,,,0,0
shadow,,no,,,0,,,,0,0
shiba,,yes,,,0,,,,0,0
shinysp1d3r,,yes,2025-11-15,,0,,,,0,0
solidbit,,no,,,0,,,,0,0
sugar,,no,,,0,,,,0,0
thegreenbloodgroup,,no,2026-02-04,2026-02-04,0,,,,0,0
the syndicate,,yes,,,0,,,,0,0
tommyleaks,,yes,,,0,,,,0,0
u-bomb,,no,,,0,,,,0,0
unknown,,no,,,0,,,,0,0
valencia,,yes,,,0,,,,0,0
vfokx,,no,,,0,,,,0,0
x001xs,,no,,,0,,,,0,0
xinof,,no,,,0,,,,0,0
xp95,403 Forbidden,no,2026-03-17,2026-04-22,0,unknown,no,https://threatcluster.lon1.digitaloceanspaces.com/darkweb-groups/xp95/20260604T033412Z.png,0,0
zeon,,no,,,0,,,,0,0
владивосток,,yes,,,0,,,,0,0
