onion_url,kind,operator,site_name,status,screenshot_url,reachability,last_checked
http://oaptxiyisljt2kv3we2we34kuudmqda7f2geffoylzpeo7ourhtz4dad.onion,leak_site,0apt,,,,,
http://odaygplp3zhyx7zl45egetl6dzc4reduisnoyym34rjdmaryfaz5doqd.onion,leak_site,0day syndicate,,,,up,2026-09-05
http://omegalock5zxwbhswbisc42o2q2i54vdulyvtqqbudqousisjgc7j7yd.onion,leak_site,0mega,,,,,
http://xb6q2aggycmlcrjtbjendcnnwpmmwbosqaugxsqb4nx6cmod3emy7sad.onion,leak_site,8base,,,,,
http://xfycpauc22t5jsmfjcaz2oydrrrfy75zuk6chr32664bsscq4fgyaaqd.onion,leak_site,8base,,,,,
http://basemmnnqwxevlymli5bs36o5ynti55xojzvn246spahniugwkff2pad.onion,leak_site,8base,,,,,
http://abrahamm32umasogaqojib3ey2w2nwoafffrguq43tsyke4s3fz3w4yd.onion,leak_site,abrahams_ax,,,,down,2026-09-04
http://3ev4metjirohtdpshsqlkrqcmxq6zu3d7obrdhglpy5jpbr7whmlfgqd.onion,leak_site,abyss,,,,,
http://adminavf4cikzbv6mbbp7ujpwhygnn2t3egiz2pswldj32krrml42wyd.onion,leak_site,adminlocker,,,,,
http://giphvoitymatg4cv7bxqh5dz6sn6bfscywoat4qtslztkomf5lavrayd.onion,leak_site,againstthewest,,,,,
http://dhnsppqjaaa22lsqxl2tfhji4ca43743kubltnodvsft3hkvai77p6ad.onion,leak_site,ailock,,,,up,2026-09-05
http://akiralkzxzq2dsrzsrvbr2xgbbu2wgsmxryd4csgfameg52n7efvr2id.onion,leak_site,akira,,,,,
http://akiral2iz6a7qgd3ayp3l6yub7xx2uep76idk3u2kollpj5z3z636bad.onion,leak_site,akira,,,,,
http://kwvhrdibgmmpkhkidrby4mccwqpds5za6uo2thcw5gz75qncv7rbhyad.onion,leak_site,ako,,,,,
http://b4riuxx7ypobdptctf6lyfcvgi6vn74iurzdh4kn2agbk7472dvywgyd.onion,leak_site,alp-001,,,,down,2026-09-05
http://mydatae2d63il5oaxxangwnid5loq2qmtsol2ozr6vtb7yfm5ypzo6id.onion,leak_site,alphalocker,,,,,
http://alphvmmm27o3abo3r2mlmjrpdmzle3rykajqc5xsj7j7ejksbpsa36ad.onion,leak_site,alphv,,,,,
http://vqifktlreqpudvulhbzmc5gocbeawl67uvs2pttswemdorbnhaddohyd.onion,leak_site,alphv,,,,,
http://alphvuzxyxv6ylumd2ngp46xzq3pw6zflomrghvxeuks6kklberrbmyd.onion,leak_site,alphv,,,,,
http://2cuqgeerjdba2rhdiviezodpu3lc4qz2sjf4qin6f7std2evleqlzjid.onion,leak_site,alphv,,,,,
http://om6q4a6cyipxvt7ioudxt24cw4oqu4yodmqzl25mqd2hgllymrgu4aqd.onion,leak_site,anubis,,,,,
http://6g3aoky5hft4mvzcqt2bugo4r465woaorjhd7em2k2v24sr2exaro5id.onion,leak_site,anubis,,,,,
http://anubisyfkh5rixydjpoo3jqucauajz2juybrbtuglcppjj2y3eg3y6ad.onion,leak_site,anubis,,,,,
http://yrz6bayqwhleymbeviter7ejccxm64sv2ppgqgderzgdhutozcbbhpqd.onion,leak_site,apos,,,,,
http://bashe4aec32kr6zbifwd5x6xgjsmhg4tbowrbx4pneqhc5mqooyifpid.onion,leak_site,apt73,,,,,
http://fleqwmg7xnanypt5km2m75l72q7nlcvlp2m4sdmgjxorsn6tb3zyp3qd.onion,leak_site,apt73,,,,,
http://basheqtvzqwz4vp6ks5lm2ocq7i6tozqgf6vjcasj4ezmsy4bkpshhyd.onion,leak_site,apt73,,,,,
http://qcgv5tfer4f46ns6ohh72zeyyh5uavoiybypzpt3lmwk5ecyqykptgqd.onion,leak_site,apt73,,,,,
http://basherq53eniermxovo3bkduw5qqq5bkqcml3qictfmamgvmzovykyqd.onion,leak_site,apt73,,,,,
http://sr3b2uzrzzubagq64savzjjarul6bacpk6onddobj72gqkdjgm5z4qyd.onion,leak_site,aptlock,,,,down,2026-09-04
http://arcuufpr5xxbbkin4mlidt7itmr6znlppk63jbtkeguuhszmc5g7qdyd.onion,leak_site,arcusmedia,,,,,
http://jbmk7h6xlkedn2gg5yi76zca6y3jgdlp5wchlsrd7735tlnrmmvqe5ad.onion,leak_site,argonauts,,,,,
http://arkanabb66ee4nsdji6la2bu6bwqe3dbtsyf3rxrv6vhiehod7utagad.onion,leak_site,arkana,,,,,
http://ransomwvbabemdnwl7lzgeenyfmmhskaed6jcruwhkvapsia76vttzyd.onion,leak_site,arkana,,,,,
http://arvinc7prj6ln5wpd6yydfqulsyepoc7aowngpznbn3lrap2aib6teid.onion,leak_site,arvinclub,,,,,
http://3kp6j22pz3zkv76yutctosa6djpj4yib2icvdqxucdaxxedumhqicpad.onion,leak_site,arvinclub,,,,,
http://npmh5ahrgakbniuntyc7io4adm6ietbdbuejrfonowqtyqn24or556qd.onion,leak_site,atomsilo,,,,,
http://mhdehvkomeabau7gsetnsrhkfign4jgnx3wajth5yb5h6kvzbd72wlqd.onion,leak_site,atomsilo,,,,,
http://l5cjga2ksw6rxumu5l4xxn3cmahhi2irkbwg3amx6ajroyfmfgpfllid.onion,leak_site,atomsilo,,,,,
http://cjg2avmzoly7k6mw7xobnyre354jxro4qegkoazhsmigdk2j3aziexyd.onion,leak_site,auditteam,,,,up,2026-09-05
http://6tdqqaxftvradka5d2frzgwixis7fmro7rfh4ettzcx7jfapkebe6jad.onion,leak_site,auditteam,,,,up,2026-09-05
http://u6lieui2dakbctcjea2bz4r4q32r7t36nwljovqbv7mxs6o2smgxixid.onion,leak_site,aurora,,,,,
http://avaddongun7rngel.onion,leak_site,avaddon,,,,,
http://avos2fuj6olp6x36.onion,leak_site,avos,,,,,
http://avosqxh72b5ia23dl5fgwcpndkctuzqvh2iefk5imp3pi5gfhel5klad.onion,leak_site,avoslocker,,,,,
http://avosjon4pfh3y7ew3jdwz6ofw7lljcxlbk7hcxxmnxlh5kvf2akcqjad.onion,leak_site,avoslocker,,,,,
http://ui2uleaiisccbtcooyi34cy5u3plpd5wraiza6wtibolshuf7tnzziid.onion,leak_site,aware,,,,,
http://anewset3pcya3xvk73hj7yunuamutxxsm5sohkdi32blhmql55tvgqad.onion,leak_site,aztroteam,,,,,
http://nq4zyac4ukl4tykmidbzgdlvaboqeqsemkp4t35bzvjeve6zm2lqcjid.onion,leak_site,babuk,,,,,
http://7dikawx73goypgfi4zyo5fcajxwb7agemmiwqax3p54aey4dwobcvcyd.onion,leak_site,babuk2,,,,,
http://bxwu33iefqfc3rxigynn3ghvq4gdw3gxgxna5m4aa3o4vscdeeqhiqad.onion,leak_site,babuk2,,,,,
http://babydovegkmhbontykziyq7qivwzy33mu4ukqefe4mqpiiwd3wibnjqd.onion,leak_site,babyduck,,,,,
http://uvm6hk4wwstfddja5z5htgtlehmfyflffijz6iozsuqyacyibzxefkqd.onion,leak_site,barracuda,,,,up,2026-09-05
http://beast6azu4f7fxjakiayhnssybibsgjnmy77a6duufqw5afjzfjhzuqd.onion,leak_site,beast,,,,,
http://ooie6tet7ggcmlgvtmyvok4s6vha6ecwczssbchbyxrg2r6v2m6zkkad.onion,leak_site,beast,,,,,
http://benzona6x5ggng3hx52h4mak5sgx5vukrdlrrd3of54g2uppqog2joyd.onion,leak_site,benzona,,,,,
http://rwsu75mtgj5oiz3alkfpnxnopcbiqed6wllyoffpuruuu6my6imjzuqd.onion,leak_site,benzona,,,,,
http://bertblogsoqmm4ow7nqyh5ik7etsmefdbf25stauecytvwy7tkgizhad.onion,leak_site,bert,,,,,
http://bianlianlbc5an4kgnay3opdemgcryg2kpfcbgczopmm3dnbz3uaunad.onion,leak_site,bianlian,,,,,
http://bianliaoxoeriowgqohcly4a6sbkpc3se2yvxgidxomxlpuhx5ehrpad.onion,leak_site,bianlian,,,,,
http://bianlivemqbawcco4cx4a672k2fip3guyxudzurfqvdszafam3ofqgqd.onion,leak_site,bianlian,,,,,
http://bastad5huzwkepdixedg2gekg7jk22ato24zyllp6lnjx7wdtyctgvyd.onion,leak_site,blackbasta,,,,,
http://aazsbsgya565vlu2c6bzy6yfiebkcbtvvcytvolt33s77xypi7nypxyd.onion,leak_site,blackbasta,,,,,
http://stniiomyjliimcgkvdszvgen3eaaoz55hreqqx6o77yvmpwt7gklffqd.onion,leak_site,blackbasta,,,,,
http://f5uzduboq4fa2xkjloprmctk7ve3dm46ff7aniis66cbekakvksxgeqd.onion,leak_site,blackbyte,,,,,
http://6iaj3efye3q62xjgfxyegrufhewxew7yt4scxjd45tlfafyja6q4ctqd.onion,leak_site,blackbyte,,,,,
http://dounczge5jhw4iztnnpzp54kd4ot3tikhjsimurtcewqssgye6vvrhqd.onion,leak_site,blackbyte,,,,,
http://ce6roic2ykdjunyzazsxmjpz5wsar4pflpoqzntyww5c2eskcp7dq4yd.onion,leak_site,blackbyte,,,,,
http://jbeg2dct2zhku6c2vwnpxtm2psnjo2xnqvvpoiiwr5hxnc6wrp3uhnad.onion,leak_site,blackbyte,,,,,
http://2mgkz2ntx5vpgt4jj4gir77eqx7g6owapm2mkzpjswyl74fni7jgdmyd.onion,leak_site,blackfield,,,,down,2026-09-05
http://zdkexsh2e7yihw5uhg5hpsgq3dois2m5je7lzfagij2y6iw5ptl35gyd.onion,leak_site,blacklock,,,,,
http://blackmax7su6mbwtcyo3xwtpfxpm356jjqrs34y4crcytpw7mifuedyd.onion,leak_site,blackmatter,,,,,
http://ctyfftrjgtwdjzlgqh4avbd35sqrs6tde4oyam2ufbjch6oqpqtkdtid.onion,leak_site,blacknevas,,,,,
http://black3gnkizshuynieigw6ejgpblb53mpasftzd6pydqpmq2vn2xf6yd.onion,leak_site,blackout,,,,,
http://544corkfh5hwhtn4.onion,leak_site,blackshadow,,,,,
http://jvkpexgkuaw5toiph7fbgucycvnafaqmfvakymfh5pdxepvahw3xryqd.onion,leak_site,blackshrantac,,,,,
http://b2ykcy2gcug4gnccm6hnrb5xapnresmyjjqgvhafaypppwgo4feixwyd.onion,leak_site,blackshrantac,,,,,
http://shrantacpxim7z6m6pnszi52bb2tp23sntby3hklt36rezdja7bdjsyd.onion,leak_site,blackshrantac,,,,,
http://weg7sdx54bevnvulapqu6bpzwztryeflq3s23tegbmnhkbpqz637f2yd.onion,leak_site,blacksuit,,,,,
http://bl4cktorpms2gybrcyt52aakcxt6yn37byb65uama5cimhifcscnqkid.onion,leak_site,blacktor,,,,,
http://ejzl7cjxmkx7lzhiqwidmrwtfjv45pkczbc4fnyaut3t7gll3yaiq5id.onion,leak_site,blackwater,,,,,
http://blackxppq2jvqyg4slyg3sbszv7ib2avaaycvhff5qipgdoepqi57xyd.onion,leak_site,black x,,,,up,2026-09-05
http://zu3wfrmrkl4ltqqnpt3owp3cwa33rqwod4gpe3ttb5o4vf2is2gzm6qd.onion,leak_site,bluebox,,,,,
http://ccpyeuptrlatb2piua4ukhnhi7lrxgerrcrj4p2b5uhbzqm2xgdjaqid.onion,leak_site,bluesky,,,,,
http://bluewh6bk2qt6wjib7qxdtplhgbwbi3p7cgofwnshfl5xo3xgwgstrid.onion,leak_site,bluewhale,,,,down,2026-09-05
http://3pxt6o2ipwnfbgqvknydkizry5fysq4jmktxmrnfdgiii4fdkwfsliqd.onion,leak_site,bolt team,,,,down,2026-09-05
http://bonacifryrxr4siz6ptvokuihdzmjzpveruklxumflz5thmkgauty2qd.onion,leak_site,bonacigroup,,,,,
http://7t3zi3e7ki6iseun77ofqtr6wmbpgnpc2ada6gstcxp54lw6q2zb7jad.onion,leak_site,booba project,,,,up,2026-09-05
http://eazk7las3xsvsyxgww3jgzammqjevso2ydnmlopdhl3u2muyrmmilrqd.onion,leak_site,booba project,,,,up,2026-09-05
http://d77tnb4bkmj3e366msrzllnwsi2t5e54e4yqh7zm7y5hlfwugnwzswad.onion,leak_site,booba project,,,,down,2026-09-05
http://yywhylvqeqynzik6ibocb53o2nat7lmzn5ynjpar3stndzcgmy6dkgid.onion,leak_site,bqtlock,,,,,
http://vkvsgl7lhipjirmz6j5ubp3w3bwvxgcdbpi3fsbqngfynetqtw4w5hyd.onion,leak_site,braincipher,,,,up,2026-09-05
http://4ldgw2wuidqu5ef3rzx4byonf3y7rdnh43jiw2z4sbtjiwic6gkov7yd.onion,leak_site,braincipher,,,,down,2026-08-30
http://cuuhrxbg52c5agytmtjpwfu7mrs4xtaitc4mukkiy2kqdxeqbcmuhaid.onion,leak_site,braincipher,,,,down,2026-08-30
http://mybmtbgd7aprdnw2ekxht5qap5daam2wch25coqerrq2zdioanob34ad.onion,leak_site,braincipher,,,,down,2026-08-30
http://zktnif5vckhmz5tyrukp5bamatbfhkxjnb23rspsanyzywcrx3bvtqad.onion,leak_site,braincipher,,,,down,2026-08-30
http://bravoxxwcfz5qk43ychgveprpd5mw5hvxfs4a2uz2okx7mumiht4fzyd.onion,leak_site,bravox,,,,,
http://bravoxxtrmqeeevhl7gdh2yzvlrjxajr66d33c7ozosrccx4cz7cepad.onion,leak_site,bravox,,,,,
http://brohoodyaifh2ptccph5zfljyajjabwjjo4lg6gfp4xb6ynw5w7ml6id.onion,leak_site,brotherhood,,,,,
http://cactus5dqnqkppa5ayckiyk6dttpqwczdqphv5mxh4dkk5ct544q5aad.onion,leak_site,cactus,,,,,
http://cactusbloguuodvqjmnzlwetjlpj6aggc6iocwhuupb47laukux7ckid.onion,leak_site,cactus,,,,,
http://cephalus6oiypuwumqlwurvbmwsfglg424zjdmywfgqm4iehkqivsjyd.onion,leak_site,cephalus,,,,,
http://cdgi6zjox6zr5epk7k5rg673qduxy7dlkk7ws3n4vusspr5bmhx24aqd.onion,leak_site,chaos,,,,,
http://hptqq2o2qjva7lcaaq67w36jihzivkaitkexorauw7b2yul2z6zozpqd.onion,leak_site,chaos,,,,,
http://rwiajgajdr4kzlnrj5zwebbukpcbrjhupjmk6gufxv6tg7myx34iocad.onion,leak_site,cheers,,,,,
http://crkfkmrh4qzbddfrl2axnkvjp5tgwx73d7lq4oycsfxc7pfgbfhtfiid.onion,leak_site,cheers,,,,,
http://z6vidveub2ypo3d3x7omsmcxqwxkkmvn5y3paoufyd2tt4bfbkg33kid.onion,leak_site,chilelocker,,,,,
http://hgxyonufefcglpekxma55fttev3lcfucrf7jvep2c3j6447cjroadead.onion,leak_site,chort,,,,,
http://cicadabv7vicyvgz5khl7v2x5yygcgow7ryy6yppwmxii4eoobdaztqd.onion,leak_site,cicada3301,,,,,
http://ciphbitqyg26jor7eeo6xieyq7reouctefrompp6ogvhqjba7uo4xdid.onion,leak_site,ciphbit,,,,,
http://o3ydbkayttkyg4iw2nc732jxmmex25bjeyqyvuuyngnxmpehdefjr3qd.onion,leak_site,cipherforce,,,,,
http://cloak7jpvcb73rtx2ff7kaw2kholu7bdiivxpzbhlny4ybz75dpxckqd.onion,leak_site,cloak,,,,,
http://santat7kpllt6iyvqbr7q4amdv6dzrh6paatvyrzl7ry3zm72zigf4ad.onion,leak_site,clop,,,,,
http://toznnag5o3ambca56s2yacteu7q7x2avrfherzmz4nmujrjuib4iusad.onion,leak_site,clop,,,,,
http://ekbgzchl6x2ias37.onion,leak_site,clop,,,,,
http://cmdnkiqjije2tllr3biee2sjgj3i4robg2cbtilbnytdhh2wy3syrlyd.onion,leak_site,cmdorganization,,,,up,2026-09-05
http://fjg4zi4opkxkvdz7mvwp7h6goe4tcby3hhkrz43pht4j3vakhy75znyd.onion,leak_site,coinbasecartel,,,,,
http://zprxx7sfc26rufggreanowmme5qqouqegr2efnko6erycquwvpq5egid.onion,leak_site,contfr,,,,up,2026-09-04
http://continewsnv5otx5kaoje7krkto2qbu3gtqef22mnr7eaxw3y6ncz3ad.onion,leak_site,conti,,,,,
http://z6mikrtphid5fmn52nbcbg25tj57sowlm3oc25g563yvsfmygkcxqbyd.onion,leak_site,cooming,,,,,
http://teo7aj5mfgzxyeme.onion,leak_site,cooming,,,,,
http://7i6sfmfvmqfaabjksckwrttu3nsbopl3xev2vbxbkghsivs5lqp4yeqd.onion,leak_site,crazyhunter,,,,,
http://crosslock5cwfljbw4v37zuzq4talxxhyavjm2lufmjwgbpfjdsh56yd.onion,leak_site,crosslock,,,,,
http://tlxoddx4odmc2qvsmtsbgwwsv5j45osb5sox7mz6izxliuju5mkulzad.onion,leak_site,crpxo,,,,down,2026-09-04
http://xburs4nr6cbuktokhqwefeh5hsjakz6usll5o7z5uhrfcnolakj4ptad.onion,leak_site,crpxo,,,,down,2026-09-04
http://pwn3dky35tub4ktj5bolc72oezg6qc3jvmbogaiwwkimiqtbbokyhrid.onion,leak_site,cry0,,,,,
http://cryoblogedawivdcknyd4jsjxkrx3xrqqltxla6wwjjnzm3f3jaxjzqd.onion,leak_site,cry0,,,,,
http://d57uremugxjrafyg.onion,leak_site,crylock,,,,,
http://7k4yyskpz3rxq5nyokf6ztbpywzbjtdfanweup3skctcxopmt7tq7eid.onion,leak_site,cryp70n1c0d3,,,,,
http://crypuglupv3bsqnbt5ruu5lgwrwoaojscwhuoccbmbzmcidft5kiccqd.onion,leak_site,cryptbb,,,,,
http://cryptr3fmuv4di5uiczofjuypopr63x2gltlsvhur2ump4ebru2xd3yd.onion,leak_site,cryptnet,,,,,
http://blog6zw62uijolee7e6aqqnqaszs3ckr5iphzdzsazgrpvtqtjwqryid.onion,leak_site,cryptnet,,,,,
http://j5o5y2feotmhvr7cbcp2j2ewayv5mn5zenl3joqwx67gtfchhezjznad.onion,leak_site,crypto24,,,,,
http://cuba4ikm4jakjgmkezytyawtdgr2xymvy6nvzgw5cglswg3si76icnqd.onion,leak_site,cuba,,,,,
http://cuba4mp6ximo2zlo.onion,leak_site,cuba,,,,,
http://knight3xppu263m7g4ag3xlit2qxpryjwueobh7vjdc3zrscqlfu3pqd.onion,leak_site,cyclops,,,,,
http://nt3rrzq5hcyznvdkpslvqbbc2jqecqrinhi5jtwoae2x7psqtcb6dcad.onion,leak_site,cyclops,,,,,
http://dirone3rl3vvq64ckcnrvhe2ogrhjrwu5u7hqzrlotu3rfvmqmmbsuqd.onion/items,leak_site,d1r,,,,up,2026-09-05
http://d4rkd2fybtclo44hss2dpqpw7gmofboxhruax2az3uejw7puxxbpkvqd.onion,leak_site,d4rk4rmy,,,,,
http://dgnh6p5uq234zry7qx7bh73hj5ht3jqisgfet6s7j7uyas5i46xfdkyd.onion,leak_site,dagonlocker,,,,,
http://7ukmkdtyxdkdivtjad57klqnd3kdsmq6tp45rrsxqnu76zzv3jvitlqd.onion,leak_site,daixin,,,,,
http://232fwh5cea3ub6qguz3pynijxfzl2uj3c73nbrayipf3gq25vtq2r4qd.onion,leak_site,daixin,,,,,
http://2c7nd54guzi6xhjyqrj5kdkrq2ngm2u3e6oy4nfhn3wm3r54ul2utiqd.onion,leak_site,dan0n,,,,down,2026-09-04
http://wemo2ysyeq6km2nqhcrz63dkdhez3j25yw2nvn7xba2z4h7v7gyrfgid.onion,leak_site,darkangels,,,,,
http://iw6v2p3cruy7tqfup3yl4dgt4pfibfa3ai4zgnu5df2q3hus3lm7c7ad.onion,leak_site,darkbit,,,,,
http://54rdhzjzc4ids4u4wata4zr4ywfon5wpz2ml4q3avelgadpvmdal2vqd.onion,leak_site,darkleakmarket,,,,,
http://darkleakyqmv62eweqwy4dnhaijg4m4dkburo73pzuqfdumcntqdokyd.onion,leak_site,darkleakmarket,,,,,
http://aby6efzmp7jzbwgidgqc6ghxi2vwpo6d7eaood5xuoxutrfofsmzcjqd.onion,leak_site,darkleakmarket,,,,,
http://darklmmmfuonklpy6s3tmvk5mrcdi7iapaw6eka45esmoryiiuug6aid.onion,leak_site,darkleakmarket,,,,,
http://2el6bpoz2ely34iqcmxsiicpdmzp37jjtsggxwukbk5jx6x6bdxbh3ad.onion,leak_site,darkmatter,,,,down,2026-09-04
http://s42fv44x5r2ubrrydl5edh4srwch7sr3j7goy34sfuaqhcqbfwhuqyad.onion,leak_site,darkmatter,,,,down,2026-09-04
http://powerj7kmpzkdhjg4szvcxxgktgk36ezpjxvtosylrpey7svpmrjyuyd.onion,leak_site,darkpower,,,,,
http://darkprn3d3udnhpuxknsrhft3376lrz5tenhgkrxge5hxqe46pkbrwid.onion,leak_site,dark project,,,,up,2026-09-05
http://wkrlpub5k52rjigwxfm6m7ogid55kamgc5azxlq7zjgaopv33tgx2sqd.onion,leak_site,darkrace,,,,,
http://darksidc3iux462n6yunevoag52ntvwp6wulaz3zirkmh4cnz6hhj7id.onion,leak_site,darkside,,,,,
http://tx23pk4zw5qynq3tmfk2jz5zbel63p4nwvkheswze7r6gzxhzcbseyad.onion,leak_site,darkvault,,,,,
http://mdhby62yvvg6sd5jmx5gsyucs7ynb5j45lvvdh4dsymg43puitu7tfid.onion,leak_site,darkvault,,,,,
http://dcarryhaih5oldidg3tbqwnde4lxljytnpvberrwgj2vlvunopd46dad.onion,leak_site,datacarry,,,,,
http://dc4nwiijwiffwztwzj5fngmcoppedrxg4jqj2tq67ontbini6qmlguid.onion,leak_site,datakeeper,,,,,
http://woqjumaahi662ka26jzxyx7fznbp4kg3bsjar4b52tqkxgm2pylcjlad.onion,leak_site,dataleak,,,,,
http://deadblogdbdu5wprek7wa2o4ce7rnt6u6ntqeud3hzjjcveosgpsqqqd.onion,leak_site,deadlock,,,,up,2026-09-04
http://po4tq2brx4rgwbdx4mac24fz34uuuf7oigosebp32n2462m2vxl6biqd.onion,leak_site,desolator,,,,,
http://wugurgyscp5rxpihef5vl6b6m5ont3b6sezhl7boboso2enib2k3q6qd.onion,leak_site,devman,,,,,
http://qljmlmp4psnn3wqskkf3alqquatymo6hntficb4rhq5n76kuogcv7zyd.onion,leak_site,devman,,,,,
http://devmanblggk7ddrtqj3tsocnayow3bwnozab2s4yhv4shpv6ueitjzid.onion,leak_site,devman,,,,,
http://7ypnbv3snejqmgce4kbewwvym4cm5j6lkzf2hra2hyhtsvwjaxwipkyd.onion,leak_site,diavol,,,,,
http://direwolfcdkv5whaz2spehizdg22jsuf5aeje4asmetpbt6ri4jnd4qd.onion,leak_site,direwolf,,,,,
http://e27z5kd2rjsern2gpgukhcioysqlfquxgf7rxpvcwepxl4lfc736piyd.onion,leak_site,dispossessor,,,,,
http://g3h3klsev3eiofxhykmtenmdpi67wzmaixredk5pjuttbx7okcfkftqd.onion,leak_site,donex,,,,,
http://dk4mkfzqai6ure62oukzgtypedmwlfq57yj2fube7j5wsoi6tuia7nyd.onion,leak_site,donutleaks,,,,,
http://qkbbaxiuqqcqb5nox4np4qjcniy2q6m7yeluvj7n5i5dn7pgpcwxwfid.onion,leak_site,donutleaks,,,,,
http://doq32rjiuomfghm5a4lyf3lwwakt2774tkv4ppsos6ueo5mhx7662gid.onion,leak_site,donutleaks,,,,,
http://sbc2zv2qnz5vubwtx3aobfpkeao6l4igjegm3xx7tk5suqhjkp5jxtqd.onion,leak_site,donutleaks,,,,,
http://iacjvmxjb2ivqkxxzmde4w6g53gn6ym7c3g6mfifvejyhqtp4wrkypyd.onion,leak_site,doommageddon,,,,up,2026-09-05
http://hpoo4dosa3x4ognfxpqcrjwnsigvslm7kv6hvmhh2yqczaxy3j6qnwad.onion,leak_site,doppelpaymer,,,,,
http://dragongoztkdfmnd7jkchznd3fvkpdmeh4vhbt6p3usrlsoy5dw2bhyd.onion,leak_site,dragonforce,,,,,
http://dragonforxxbp3awc7mzs5dkswrua3znqyx5roefmi4smjrsdi22xwqd.onion,leak_site,dragonforce,,,,,
http://3pktcrcbmssvrnwe5skburdwe2h3v6ibdnn5kbjqihsg6eu6s6b7ryqd.onion,leak_site,dragonforce,,,,,
http://z3wqggtxft7id3ibr7srivv5gjof5fwg76slewnzwwakjuf3nlhukdid.onion,leak_site,dragonforce,,,,,
http://dreadytofatroptsdj6io7l3xptbet6onoyno2yv7jicoxknyazubrad.onion,leak_site,dread,,,,,
http://p66slxmtum2ox4jpayco6ai3qfehd5urgrs4oximjzklxcol264driqd.onion,leak_site,dunghill,,,,,
http://nsalewdnfclsowcal6kn5csm4ryqmfpijznxwictukhrgvz2vbmjjjyd.onion,leak_site,dunghill,,,,,
http://y3maveiwszbnrziufbbberx74cvrdcsf72nxzuqxzv7ppdmmqzffazid.onion,leak_site,dysphor1a,,,,up,2026-09-05
http://veqlxhq7ub5qze3qy56zx2cig2e6tzsgxdspkubwbayqije6oatma6id.onion,leak_site,ech0raix,,,,,
http://7zvu7njrx7q734kvk435ntuf37gfll2pu46fmrfoweczwpk2rhp444yd.onion,leak_site,ech0raix,,,,,
http://yecdjimqiaekprxza6wkqecma4bwt757qiyfjngsaxg7rkjv4xukpwad.onion,leak_site,eclipse,,,,up,2026-09-05
http://eclipse4g5kxfwsvpu4qx5sdcnrji6gxl5gt67bucjlgt35g7akvjoid.onion,leak_site,eclipse,,,,up,2026-09-05
http://dataleakypypu7uwblm5kttv726l3iripago6p336xjnbstkjwrlnlid.onion,leak_site,eldorado,,,,down,2026-09-04
http://embargobe3n5okxyzqphpmk3moinoap2snz5k6765mvtkk7hhi544jid.onion,leak_site,embargo,,,,,
http://emprdr4p7iwlhpky33tswt3k2qdeljyjcdpoysabudmmrz4z32laexad.onion,leak_site,emperador,,,,up,2026-09-05
http://leaksv7sroztl377bbohzl42i3ddlfsxopcb6355zc7olzigedm5agad.onion,leak_site,entropy,,,,,
http://dg5fyig37abmivryrxlordrczn6d6r5wzcfe2msuo5mbbu2exnu46fid.onion,leak_site,ep918,,,,,
http://ethics67vxjomvlcugjovv4fc3g6ru5tpwotg533d4j3uf2btmnndead.onion/showcase,leak_site,ethics,,,,up,2026-09-05
http://ethics67vxjomvlcugjovv4fc3g6ru5tpwotg533d4j3uf2btmnndead.onion,leak_site,ethics,,,,up,2026-09-05
http://everestndkvzcibcje2cqxhre2hmmybl3rn2gwzwsblz7gx6uryn5rad.onion,leak_site,everest,,,,,
http://ransomocmou6mnbquqz44ewosbkjk3o5qjsl3orawojexfook2j7esad.onion,leak_site,everest,,,,,
http://exfil5gqmbxrg6yky5aeitkdj7kfwxxjh3wxzrtlewjqi2x67o634iyd.onion,leak_site,exfilsquad,,,,up,2026-09-05
http://m3ksukzn2glzfdvlusohril7n3iyk4z4fudf6mm22lwhpbpt5aiee5qd.onion,leak_site,exitium,,,,,
http://7iulpt5i6whht6zo2r52f7vptxtjxs3vfcdxxazllikrtqpupn4epnqd.onion,leak_site,exorcist,,,,,
http://i7loab6thvz4lb7jdr3qoeumbvilwhbgnwsctnlfmvsv7g5s3vsiw6yd.onion,leak_site,falcon,,,,up,2026-09-05
http://flock4cvoeqm4c62gyohvmncx6ck2e7ugvyqgyxqtrumklhd5ptwzpqd.onion,leak_site,flocker,,,,,
http://xql562evsy7njcsngacphc2erzjfecwotdkobn3m4uxu2gtqh26newid.onion,leak_site,fog,,,,,
http://xbkv2qey6u3gd3qxcojynrt4h5sgrhkar6whuo74wo63hijnn677jnyd.onion,leak_site,fog,,,,,
http://34o4m3f26ucyeddzpf53bksy76wd737nf2fytslovwd3viac3by5chad.onion,leak_site,frag,,,,,
http://gcbejm2rcjftouqbxuhimj5oroouqcuxb2my4raxqa7efkz5bd5464id.onion,leak_site,freecivilian,,,,,
http://hkk62og3s2tce2gipcdxg3m27z4b62mrmml6ugctzdxs25o26q3a4mid.onion,leak_site,fsteam,,,,,
http://4e3p3in2bl67hxchuwza7qvnpe7pyeloyztr5fnh257fxkovfhappjyd.onion/shame,leak_site,fulcrumsec,,,,,
http://4e3p3in2bl67hxchuwza7qvnpe7pyeloyztr5fnh257fxkovfhappjyd.onion,leak_site,fulcrumsec,,,,,
http://funksecsekgasgjqlzzkmcnutrrrafavpszijoilbd6z3dkbzvqu43id.onion,leak_site,funksec,,,,,
http://funkhnsbaxojjjju65bhc7xuidjwvmwhdmgarvhbhs3szqkpzkmvnvid.onion,leak_site,funksec,,,,,
http://pke2vht5jdeninupk7i2thcfvxegsue6oraswpka35breuj7xxz2erid.onion,leak_site,funksec,,,,,
http://ykqjcrptcai76ru5u7jhvspkeizfsvpgovton4jmreawj4zdwe4qnlid.onion,leak_site,funksec,,,,,
http://funk4ph7igelwpgadmus4n4moyhh22cib723hllneen7g2qkklml4sqd.onion,leak_site,funksec,,,,,
http://gammax6w3dkfdjfrjthtmqzsioue52vzy6lz54qy6jcvmogfpubutjyd.onion,leak_site,gammax,,,,up,2026-09-05
http://igziys7pres4644kbrtakxfbrwkyld64nxk5prpkgtcexwrrjgtfjzyd.onion,leak_site,gdlockersec,,,,down,2026-09-05
http://genesis6ixpb5mcy4kudybtw5op2wqlrkocfogbnenz3c647ibqixiad.onion,leak_site,genesis,,,,,
http://vg6xwkmfyirv3l6qtqus7jykcuvgx6imegb73hqny2avxccnmqt5m2id.onion,leak_site,global,,,,,
http://gdbkvfe6g3whrzkdlbytksygk45zwgmnzh5i2xmqyo3mrpipysjagqyd.onion,leak_site,global,,,,,
http://globalrbweyhxxa5b65bjjsm5bfuqfs5ydizefupqcminoedzn6o2sqd.onion,leak_site,global,,,,,
http://globalco44t2yl6ltgj74cwthr6b6olggl3srg7engqfhx72f6ni3cyd.onion,leak_site,global,,,,,
http://globaldonejcrwbe7ujwuzptsummx3rvba54wcjoxrjvqgo37y4aqwid.onion,leak_site,global,,,,,
http://o5lsqyar7ox25z734k6zaxt2vf7bsyi4q5rturi5iyxzqo3ica7bjsad.onion,leak_site,global secret group,,,,up,2026-09-04
http://griefcameifmv4hfr3auozmovz5yi6m3h3dwbuqw7baomfxoxz4qteid.onion,leak_site,grief,,,,,
http://ws3dh6av66sjbxxkjpw5ao3wqzmtejnkzheswm4dz5rrwvular7xvkqd.onion,leak_site,groove,,,,,
http://gunrabxbig445sjqa535uaymzerj6fp4nwc6ngc2xughf2pedjdhk4ad.onion,leak_site,gunra,,,,,
http://lgiil72vkmdtbc3qv4tyq6wedyjxqr2qd4ze7xl2cxgerdnymxj7soqd.onion,leak_site,gunra,,,,,
http://www.lgiil72vkmdtbc3qv4tyq6wedyjxqr2qd4ze7xl2cxgerdnymxj7soqd.onion,leak_site,gunra,,,,,
http://ixltdyumdlthrtgx.onion,leak_site,hades,,,,,
http://vmjfieomxhnfjba57sd6jjws2ogvowjgxhhfglsikqvvrnrajbmpxqqd.onion,leak_site,handala,,,,,
http://ft4zr2jzlqoyob7yg4fcpwyt37hox3ajajqnfkdvbfrkjioyunmqnpad.onion,leak_site,haron,,,,,
http://helixr2sncrd3ndsz5oho6mzqw3x5u7mvox5zcsngc5wm7v4l5k7oryd.onion/leaks,leak_site,helix,,,,up,2026-09-05
http://helixr2sncrd3ndsz5oho6mzqw3x5u7mvox5zcsngc5wm7v4l5k7oryd.onion,leak_site,helix,,,,up,2026-09-05
http://helix2kvkqjzrkh3ospyukij7uemxwvbdmqberjmrudjmqy4hspwzzqd.onion,leak_site,helix,,,,down,2026-09-05
http://hcatxn4ppkgmakaatrq6bsbhqk5ouhviygyx57gljjt5iseul5nvpayd.onion,leak_site,hellcat,,,,,
http://hellcatj6xgvho4qxnr2nbzzthsqel577i5wvzcpfjgavbo3d5l657id.onion,leak_site,hellcat,,,,,
http://hellcatdue7rasyoi4oh6t3fhra5bpcj5t6xmrm4vjicfqdvrl24ijid.onion,leak_site,hellcat,,,,,
http://hellcatdnrsu4i5uctbklunpfyv2ppiioh5sb3leu4dfgizinrve3gqd.onion,leak_site,hellcat,,,,,
http://hellcakbszllztlyqbjzwcbdhfrodx55wq77kmftp4bhnhsnn5r3odad.onion,leak_site,hellcat,,,,,
http://onyxcym4mjilrsptk5uo2dhesbwntuban55mvww2olk5ygqafhu3i3yd.onion,leak_site,helldown,,,,,
http://onyxcgfg4pjevvp5h34zvhaj45kbft3dg5r33j5vu3nyp7xic3vrzvad.onion,leak_site,helldown,,,,,
http://gookie256cvccntvenyxrvn7ht73bs6ss3oj2ocfkjt5y6vq6gfi2tad.onion,leak_site,hellogookie,,,,,
http://3r6n77mpe737w4sbxxxrpc5phbluv6xhtdl5ujpnlvmck5tc7blq2rqd.onion,leak_site,hellokitty,,,,,
http://hivecust6vhekztbqgdnkks64ucehqacge3dij3gyrrpdp57zoq3ooqd.onion,leak_site,hive,,,,,
http://hiveleakdbtnp76ulyhi52eag6c6tyc3xw7ez7iqy6wc34gd2nekazyd.onion,leak_site,hive,,,,,
http://hiveapi4nyabjdfz2hxdsr7otrcv6zq6m4rk5i2w7j64lrtny4b7vjad.onion,leak_site,hive,,,,,
http://matmq3z3hiovia3voe2tix2x54sghc3tszj74xgdy4tqtypoycszqzqd.onion,leak_site,holyghost,,,,,
http://r6d636w47ncnaukrpvlhmtdbvbeltc6enfcuuow3jclpmyga7cz374qd.onion,leak_site,hotarus,,,,,
http://hunters33mmcwww7ek7q5ndahul6nmzmrsumfs6aenicbqon6mxfiqyd.onion,leak_site,hunters,,,,,
http://hunters55atbdusuladzv7vzv6a423bkh6ksl2uftwrxyuarbzlfh7yd.onion,leak_site,hunters,,,,,
http://hunters55rdxciehoqzwv7vgyv6nt37tbwax2reroyzxhou7my5ejyid.onion,leak_site,hunters,,,,,
http://iah6477wcvisc45wl54u524fbrh4dnmtcctpg2fpe5epf3jbpkiwu4qd.onion,leak_site,iah6477,,,,,
http://e6ujsppajgb756x7x5ykdryvlcjynltb52eiwi6pd4bfwo6hddd6neid.onion,leak_site,icarus,,,,down,2026-09-05
http://kf6x3mjeqljqxjznaw65jixin7dpcunfxbbakwuitizytcpzn4iy5bad.onion,leak_site,icefire,,,,,
http://7kstc545azxeahkduxmefgwqkrrhq3mzohkzqvrv7aekob7z3iwkqvyd.onion,leak_site,icefire,,,,,
http://imncrewwfkbjkhr2oylerfm5qtbzfphhmpcfag43xc2kfgvluqtlgoid.onion,leak_site,imncrew,,,,down,2026-09-05
http://incblog7vmuq7rktic73r4ha4j757m3ptym37tyvifzp2roedyyzzxid.onion,leak_site,incransom,,,,,
http://incbackrlasjesgpfu5brktfjknbqoahe2hhmqfhasc5fb56mtukn4yd.onion,leak_site,incransom,,,,,
http://incblog6qu4y4mm4zvw5nrmue6qbwtgjsxpw6b7ixzssu36tsajldoad.onion,leak_site,incransom,,,,,
http://incbacg6bfwtrlzwdbqc55gsfl763s3twdtwhp27dzuik6s6rwdcityd.onion,leak_site,incransom,,,,,
http://gfksiwpsqudibondm6o2ipxymaonehq3l26qpgqr3nh4jvcyayvogcid.onion,leak_site,insane,,,,,
http://nv5lbsrr4rxmewzmpe25nnalowe4ga7ki6yfvit3wlpu7dfc36pyh4ad.onion,leak_site,insane,,,,,
http://r2ad4ayrgpf7og673lhrw5oqyvqg4em2fpialk7l7gxkasvqkqow4qad.onion,leak_site,insane,,,,,
http://i62huw7ve22rpyw6lnq3kmfump2dmsg4xpveec3ere73njwatrz74gad.onion,leak_site,insomnia,,,,,
http://ebhmkoohccl45qesdbvrjqtyro2hmhkmh6vkyfyjjzfllm3ix72aqaid.onion,leak_site,interlock,,,,,
http://ebhmkoohccl45qesdbvrjqtyro2hmhkmh6vkyfyjjzfllm3ix72aqaid.onion/leaks.php,leak_site,interlock,,,,,
http://w4d5aqmdxkcsc2xwcz7w7jo6wdmvmakgy3y6mfmdtzmyvxe77cjkfbad.onion,leak_site,j,,,,down,2026-09-04
http://twniiyed6mydtbe64i5mdl56nihl7atfaqtpww6gqyaiohgc75apzpad.onion,leak_site,j,,,,down,2026-09-04
http://nerqnacjmdy3obvevyol7qhazkwkv57dwqvye5v46k5bcujtfa6sduad.onion,leak_site,kairos,,,,,
http://kairosgeuzkzz3ajntqcyxl3ib36szz3mg62mb3zbui33pbk3uzo4qqd.onion,leak_site,kairos,,,,,
http://erqnacjmdy3obvevyol7qhazkwkv57dwqvye5v46k5bcujtfa6sduad.onion,leak_site,kairos,,,,,
http://3f7nxkjway3d223j27lyad7v5cgmyaifesycvmwq7i7cbs23lb6llryd.onion,leak_site,karakurt,,,,,
http://omx5iqrdbsoitf3q4xexrqw5r5tfw7vp3vl3li3lfo7saabxazshnead.onion,leak_site,karakurt,,,,,
http://3nvzqyo6l4wkrzumzu5aod7zbosq4ipgf7ifgj3hsvbcr5vcasordvqd.onion,leak_site,karma,,,,,
http://2dmzkuruwpmgalhcn26kmvlg37ijqbzqo3orhxwvyf2nf3w4gfq6ikid.onion,leak_site,karma,,,,,
http://kawasa2qo7345dt7ogxmx7qmn6z2hnwaoi3h5aeosupozkddqwp6lqqd.onion,leak_site,kawa4096,,,,,
http://6czlbd2jfiy6765fbnbnzuwuqocg57ebvp3tbm35kib425k4qnmiiiqd.onion,leak_site,kazu,,,,,
http://kill432ltnkqvaqntbalnsgojqqs2wz4lhnamrqjg66tq6fuvcztilyd.onion,leak_site,killsec,,,,,
http://ks5424y3wpr5zlug5c7i6svvxweinhbdcqcfnptkfcutrncfazzgz5id.onion,leak_site,killsec,,,,,
http://jzdonx6ak2swiitotgajdfh3wjpvyunpi3hatte343dvw4nw4vv2ayqd.onion,leak_site,kittykatkrew,,,,,
http://vs6ccwled72hwmescxr2e32mmfrm6vbqbo7gbmmkxnu7g5fps7ndeeyd.onion,leak_site,kittykatkrew,,,,,
http://knight3xppu263m7g4ag3xlit2qxpryjwueobh7vjdc3zrscqlfu3pqd.onion,leak_site,knight,,,,,
http://krakenccj3wr23452a4ibkbkuph4d6soyx2xgjoogtuamc3m7u7wemad.onion,leak_site,kraken,,,,,
http://krybitqsdzwmhnitvwuhvsntfgf2wrhxveyxroxpc44c6gkft2cqldyd.onion,leak_site,krybit,,,,,
http://krybieodq754vlwufrsuxaswxb5zpxyibaawmed2jaduoz2e5m56hmid.onion,leak_site,krybit,,,,,
http://krybitxdpxohsmjooeb3gbgpmdddreh6mnflzac6bnezz74b7yje67yd.onion,leak_site,krybit,,,,,
http://krybitx3fh5krdnhegyp2ob3lhizsaiadturtio3ginf7it5gsdgu2yd.onion,leak_site,krybit,,,,,
http://krybivdln3oc3twbin4budgznzq7dmcolldnsx455lspxxe23b56y5qd.onion,leak_site,krybit,,,,,
http://kryptospnjzz7vfkr663bnqv3dxirmr3svo5zwq7cvu2wdfngujgknyd.onion,leak_site,kryptos,,,,,
http://kyblogtz6k3jtxnjjvluee5ec4g3zcnvyvbgsnq5thumphmqidkt7xid.onion,leak_site,kyber,,,,,
http://lamashtux5j74mcm7lwwgn5yrvuwtrpxjoyendif3v3hrztjesfoyayd.onion,leak_site,lamashtu,,,,,
http://7jhbjbyb3zp5ziqqn6kikfrgyjapd4wusseuu753ddknr37apqrxnpid.onion,leak_site,lamashtu,,,,,
http://et22fibzuzfyzgurm35sttm52qbzvdgzy5qhzy46a3gmkrrht3lec5ad.onion,leak_site,la_piovra,,,,,
http://h3txev6jev7rcm6p2qkxn2vctybi4dvochr3inymzgif53n2j2oqviqd.onion,leak_site,la_piovra,,,,,
http://wx3djgl4cacl6y4x7r4e4mbqrrub24ectue7ixyix2du25nfowtvfiyd.onion,leak_site,la_piovra,,,,,
http://mwojud552brg7rl3obqjvv2funhwpg6acdsuuoeytq7365kmaeoi4gqd.onion,leak_site,lapsus$,,,,,
http://mes4qo4rd6t3biyrm6q4twkquspzd7r4kg7va765nbdfxqgnc2w3pead.onion,leak_site,leakbazaar,,,,down,2026-09-05
http://leaktheanalyst.fireeye62c3da3fnosymmmcqcty7rl7cjucpbkzaz275a4qs5fgkzhad.onion,leak_site,leaktheanalyst,,,,,
http://4zrjdyuq4sjogm2epwwoleegquavhwo3o7fakstnlgox6guqt3qpe4qd.onion,leak_site,l group,,,,down,2026-09-05
http://4zrjdyuq4sjogm2epwwoleegquavhwo3o7fakstnlgox6guqt3qpe4qd.onion/posts,leak_site,l group,,,,down,2026-09-05
http://yeuajcizwytgmrntijhxphs6wn5txp2prs6rpndafbsapek3zd4ubcid.onion,leak_site,lilith,,,,,
http://iywqjjaf2zioehzzauys3sktbcdmuzm2fsjkqsblnm7dt6axjfpoxwid.onion,leak_site,linkc,,,,,
http://lockbitkodidilol.onion,leak_site,lockbit,,,,,
http://lockbitaptq7ephv2oigdncfhtwhpqgwmqojnxqdyhprxxfpcllqdxad.onion,leak_site,lockbit2,,,,,
http://lockbitaptstzf3er2lz6ku3xuifafq2yh5lmiqj5ncur6rtlmkteiqd.onion,leak_site,lockbit2,,,,,
http://yq43odyrmzqvyezdindg2tokgogf3pn6bcdtvgczpz5a74tdxjbtk2yd.onion,leak_site,lockbit2,,,,,
http://zqaflhty5hyziovsxgqvj2mrz5e5rs6oqxzb54zolccfnvtn5w2johad.onion,leak_site,lockbit2,,,,,
http://oyarbnujct53bizjguvolxou3rmuda2vr72osyexngbdkhqebwrzsnad.onion,leak_site,lockbit2,,,,,
http://lockbitw2ygzasbt35ffpdb46r4vkej6flm3siyabaxzdodwpiatfgqd.onion,leak_site,lockbit3,,,,,
http://lockbitapt72iw55njgnqpymggskg5yp75ry7rirtdg4m7i42artsbqd.onion,leak_site,lockbit3,,,,,
http://lockbitkwkmhfb2zr3ngduaa6sd6munslzkbtqhn5ifmwqml4sl7znad.onion,leak_site,lockbit3,,,,,
http://lockbitaptawjl6udhpd323uehekiyatj6ftcxmkwe5sezs4fqgpjpid.onion,leak_site,lockbit3,,,,,
http://lockbitapt2yfbt7lchxejug47kmqvqqxvvjpqkmevv4l3azl3gy6pyd.onion,leak_site,lockbit3,,,,,
http://lockbit7z6choojah4ipvdpzzfzxxchjbecnmtn4povk6ifdvx2dpnid.onion,leak_site,lockbit3_fs,,,,,
http://lockbit7z5hwf6ywfuzipoa42tjlmal3x5suuccngsamsgklww2xgyqd.onion,leak_site,lockbit3_fs,,,,,
http://lockbit7z3hv7ev5knxbrhsvv2mmu2rddwqizdz4vwfvxt5izrq6zqqd.onion,leak_site,lockbit3_fs,,,,,
http://lockbit7z3ddvg5vuez2vznt73ljqgwx5tnuqaa2ye7lns742yiv2zyd.onion,leak_site,lockbit3_fs,,,,,
http://lockbit7z5ehshj6gzpetw5kso3onts6ty7wrnneya5u4aj3vzkeoaqd.onion,leak_site,lockbit3_fs,,,,,
http://lockbit24pegjquuwbmwjlvyivmyaujf33kvlepcxyncnugm3zw73myd.onion,leak_site,lockbit5,,,,,
http://lockbitsuppyx2jegaoyiw44ica5vdho63m5ijjlmfb7omq3tfr3qhyd.onion,leak_site,lockbit5,,,,,
http://lockbitapt67g6rwzjbcxnww5efpg4qok6vpfeth7wx3okj52ks4wtad.onion,leak_site,lockbit5,,,,,
http://lockbit6vhrjaqzsdj6pqalyideigxv4xycfeyunpx35znogiwmojnid.onion,leak_site,lockbit5,,,,,
http://lockbitdx4kanolaotenc3nmonlxv5enmhxdh2lk54rirvcdsljfbjyd.onion,leak_site,lockbit5,,,,,
http://wm6mbuzipviusuc42kcggzkdpbhuv45sn7olyamy6mcqqked3waslbqd.onion,leak_site,lockdata,,,,,
http://dzkxxcsbrg7bwnlwwer563yuxd5pesr42dx634w5xvofm5z6qjw72ayd.onion,leak_site,loki,,,,down,2026-09-05
http://obzuqvr5424kkc4unbq2p2i67ny3zngce3tbdr37nicjqesgqcgomfqd.onion,leak_site,lolnek,,,,,
http://mmeeiix2ejdwkmseycljetmpiwebdvgjts75c63camjofn2cjdoulzqd.onion,leak_site,lolnek,,,,,
http://nclen75pwlgebpxpsqhlcnxsmdvpyrr7ogz36ehhatfmkvakeyden6ad.onion,leak_site,lolnek,,,,,
http://lorenzmlwpzgxq736jzseuterytjueszsvznuibanxomlpkyxk6ksoyd.onion,leak_site,lorenz,,,,,
http://hscr6cjzhgoybibuzn2xud7u4crehuoo4ykw3swut7m7irde74hdfzyd.onion,leak_site,losttrust,,,,,
http://lunalockcccxzkpfovwzifwxcytqkiuak6wzybnniqwxcmpsetpbetid.onion,leak_site,lunalock,,,,,
http://lunachataclss7bvlhk5zxs6pqpunxljeqhrn2bfl6wkhlwqxvgwgayd.onion,leak_site,lunalock,,,,,
http://4qbxi3i2oqmyzxsjg4fwe4aly3xkped52gq5orp6efpkeskvchqe27id.onion,leak_site,lv,,,,,
http://rbvuetuneohce3ouxjlbxtimyyxokb4btncxjbo44fbgxqy7tskinwad.onion,leak_site,lv,,,,,
http://lynxch2k5xi35j7hlbmwl7d6u2oz4vp2wqp6qkwol624cod3d6iqiyqd.onion,leak_site,lynx,,,,,
http://lynxblogxstgzsarfyk2pvhdv45igghb4zmthnzmsipzeoduruz3xwqd.onion,leak_site,lynx,,,,,
http://lynxblogmx3rbiwg3rpj4nds25hjsnrwkpxt5gaznetfikz4gz2csyad.onion,leak_site,lynx,,,,,
http://lynxblogtwatfsrwj3oatpejwxk5bngqcd5f7s26iskagfu7ouaomjad.onion,leak_site,lynx,,,,,
http://lynxblogoxllth4b46cfwlop5pfj4s7dyv37yuy7qn2ftan6gd72hsad.onion,leak_site,lynx,,,,,
http://4k6plf4h2cm2nco6ae3inrsxnmqgl6lllmwefydhnlcq4tuhwbj4qpad.onion,leak_site,m3rx,,,,,
http://pippahtohg6qgioqu3ixrsueefuw7thythmmeanyrgwn3eixcuu6jvqd.onion,leak_site,m3rx,,,,,
http://i2gc52bwm2vu2wnohwi3cli7t7hj3y2q7qj3th2bs64h2eej7z5jcgqd.onion,leak_site,madcat,,,,,
http://k67ivvik3dikqi4gy4ua7xa6idijl4si7k5ad5lotbaeirfcsx4sgbid.onion,leak_site,madliberator,,,,,
http://lthicpjqc7gkn5eq3epxndc2uig3yngvcbdya4u3m3byjod5km4yuwqd.onion,leak_site,majinahanashi,,,,up,2026-09-05
http://malas2urovbyyavjzaezkt5ohljvyd5lt7vv7mnsgbf2y4bwlh72doqd.onion,leak_site,malas,,,,,
http://wtyafjyhwqrgo4a45wdvvwhen3cx4euie73qvlhkhvlrexljoyuklaad.onion,leak_site,mallox,,,,,
http://owt3kwkxod2pvxlv3uljzskfhebhrhoedrh5gqrxyyd6rrco4frzj5ad.onion,leak_site,mamona,,,,,
http://bdhjur3agrogoxvwobbzpptkxhyewnjrhzqj4ug2dyfhf3dopyvvurid.onion,leak_site,mamona,,,,,
http://jvdamsif53dqjycuozlaye2s47p7xij4x6hzwzwhzrqmv36gkyzohhqd.onion,leak_site,marketo,,,,,
http://marketojbwagqnwx.onion,leak_site,marketo,,,,,
http://g5sbltooh2okkcb2.onion,leak_site,marketo,,,,,
http://fvki3hj7uxuirxpeop6chgqoczanmebutznt2mkzy6waov6w456vjuid.onion,leak_site,marketo,,,,,
http://xfr3txoorcyy7tikjgj5dk3rvo3vsrpyaxnclyohkbfp3h277ap4tiad.onion,leak_site,maze,,,,,
http://xembshruusobgbvxg4tcjs3jpdnks6xrr6nbokfxadcnlc53yxir22ad.onion,leak_site,mbc,,,,,
http://s7lmmhlt3iwnwirxvgjidl6omcblvw2rg75txjfduy73kx5brlmiulad.onion,leak_site,medusa,,,,,
http://7aqabivkwmpvjkyefonf3gpy5gsubopqni7kcirsrq3pflckxq5zz4id.onion,leak_site,medusa,,,,,
http://62foekhv5humjrfwjdyd2dgextpbf5i7obguhwvfoghmu3nxpkmxlcid.onion,leak_site,medusa,,,,,
http://medusakxxtp3uo7vusntvubnytaph4d3amxivbggl3hnhpk2nmus34yd.onion,leak_site,medusa,,,,,
http://hupxs7ps7md24kpz4lwsbra64abgxjx3pcc2wuca5ibawf2g5hlpfyqd.onion,leak_site,medusa,,,,,
http://t33zoj4qwv455fog7qnb2azi5xcdxkixughmmduzbw2rtdgryqfbh6id.onion,leak_site,medusalocker,,,,,
http://medusaxko7jxtrojdkxo66j7ck4q5tgktf7uqsqyfry4ebnxlcbkccyd.onion,leak_site,medusalocker,,,,,
http://z6wkgghtoawog5noty5nxulmmt2zs7c3yvwr22v4czbffdoly2kl4uad.onion,leak_site,medusalocker,,,,,
http://qd7pcafncosqfqu3ha6fcx4h6sr7tzwagzpcdcnytiw3b6varaeqv5yd.onion,leak_site,medusalocker,,,,,
http://totos7fquprkecvcsl2jwy72v32glgkp2ejeqlnx5ynnxvbebgnletqd.onion,leak_site,meow,,,,,
http://meow6xanhzfci2gbkn3lmbqq7xjjufskkdfocqdngt3ltvzgqpsg5mid.onion,leak_site,meow,,,,,
http://hqhx32msbc545v233d55cvjedj5rqnv55bvzkavjv2q46qwuuannc4id.onion,leak_site,meowciety403,,,,down,2026-09-04
http://metacrptmytukkj7ajwjovdpjqzd7esg5v3sg344uzhigagpezcqlpyd.onion,leak_site,metaencryptor,,,,,
http://metacrpttdfpbm4qoxzcrqqgr6e6zafpazgxm72knmujw2mwvi34rwad.onion,leak_site,metaencryptor,,,,,
http://midasbkic5eyfox4dhnijkzc7v7e4hpmsb2qgux7diqbpna4up4rtdad.onion,leak_site,midas,,,,,
http://dfpc7yvle5kxmgg6sbcp5ytggy3oeob676bjgwcwhyr2pwcrmbvoilqd.onion,leak_site,mindware,,,,,
http://i6575ykikb3yvut4btucoqjshbktouxxyu3eb3ffa3ukvyvtam5y5pqd.onion,leak_site,minteye,,,,,
http://ttvbuilv5mf2wggfjgmvin22ndzghpukhsyy6coz3p4wt5nqnxah7tyd.onion,leak_site,mnt6,,,,,
http://dkgn45pinr7nwvdaehemcrpgcjqf4fooit3c4gjw6dhzrp443ctvnoad.onion,leak_site,mogilevich,,,,,
http://blogvl7tjyjvsfthobttze52w36wwiz34hrfcmorgvdzb6hikucb7aqd.onion,leak_site,moneymessage,,,,,
http://723pt5dc2plfexrfvudhdhzvesgesqbcl4yivijjubptnogukxxv3hqd.onion,leak_site,montage,,,,down,2026-09-04
http://mblogci3rudehaagbryjznltdp33ojwzkq6hn2pckvjq33rycmzczpid.onion,leak_site,monti,,,,,
http://4s4lnfeujzo67fy2jebz2dxskez2gsqj2jeb35m75ktufxensdicqxad.onion,leak_site,monti,,,,,
http://izsp6ipui4ctgxfugbgtu65kzefrucltyfpbxplmfybl5swiadpljmyd.onion,leak_site,morpheus,,,,,
http://hpo7htcpddfanilknttsymttzfr4usxwjycjpazkleggnvry5bngszyd.onion,leak_site,mortar,,,,,
http://mosesstaffm7hptp.onion,leak_site,mosesstaff,,,,,
http://mountnewsokhwilx.onion,leak_site,mountlocker,,,,,
http://msleakjir7pxbe6onlqe5uwgvdmy6nq4mnwfy7ojswbhnleenm77vgad.onion,leak_site,ms13089,,,,,
http://5s4ixqul2enwxrqv.onion,leak_site,mydecryptor,,,,,
http://n3twormruynhn3oetmxvasum2miix2jgg56xskdoyihra4wthvlgyeyd.onion,leak_site,n3tworm,,,,,
http://yzcpwxuhbkyjnyn4qsf4o5dkvu6m2fyo7dwizmnlutanlmzlos7pa6qd.onion,leak_site,nasirsecurity,,,,,
http://nblockn6jjp3xxh2do4ckkcer7w54sube7jdqaq7ttfvucgz6nsi4fad.onion,leak_site,nblock,,,,,
http://hxt254aygrsziejn.onion,leak_site,nefilim,,,,,
http://zjoxyw5mkacojk5ptn2iprkivg5clow72mjkyk5ttubzxprjjnwapkad.onion,leak_site,nemty,,,,,
http://netrunrsb3bivj5gnwajzxlig5qkteb6edgthxj7fmsvhkzxtwfxwaad.onion,leak_site,netrunner,,,,,
http://rnfdsgm6wb6j6su5txkekw4u4y47kp2eatvu7d6xhyn5cs4lt4pdrqqd.onion,leak_site,netwalker,,,,,
http://nevcorps5cvivjf6i2gm4uia7cxng5ploqny2rgrinctazjlnqr2yiyd.onion,leak_site,nevada,,,,,
http://nevbackvzwfu5yu3gszap77bg66koadds6eln37gxdhdk4jdsbkayrid.onion,leak_site,nevada,,,,,
http://gg5ryfgogainisskdvh4y373ap3b2mxafcibeh2lvq5x7fx76ygcosad.onion,leak_site,nightsky,,,,,
http://nspirebcv4sy3yydtaercuut34hwc4fsxqqv4b4ye4xmo6qp3vxhulqd.onion,leak_site,nightspire,,,,,
http://nspire7lugml7ybqyjaaxtsgrs4qn3fcon3lrjbih6wamttvdm5ke4qd.onion,leak_site,nightspire,,,,,
http://nspirep7orjq73k2x2fwh2mxgh74vm2now6cdbnnxjk2f5wn34bmdxad.onion,leak_site,nightspire,,,,,
http://nspireyzmvapgiwgtuoznlafqvlyz7ey6himtgn5bdvdcowfyto3yryd.onion,leak_site,nightspire,,,,,
http://nspiremkiq44zcxjbgvab4mdedyh2pzj5kzbmvftcugq3mczx3dqogid.onion,leak_site,nightspire,,,,,
http://6lrsxvqscxtznb4fhux5u3vbslbanxjzxzgtokjtfwaitxe4pfgfebad.onion,leak_site,nitrogen,,,,,
http://nitrogenczslprh3xyw6lh5xyjvmsz7ciljoqxxknd7uymkfetfhgvqd.onion,leak_site,nitrogen,,,,,
http://noescaperjh3gg6oy7rck57fiefyuzmj7kmvojxgvlmwd5pdzizrb7ad.onion,leak_site,noescape,,,,,
http://noescapemsqxvizdxyl7f7rmg5cdjwp33pg2wpmiaaibilb4btwzttad.onion,leak_site,noescape,,,,,
http://6yofnrq7evqrtz3tzi3dkbrdovtywd35lx3iqbc5dyh367nrdh4jgfyd.onion,leak_site,nokoyawa,,,,,
http://noko65rmtaiqyt2cw2h4jrxe3u56t2k7ov3nd22hoji4c5vnfib2i4yd.onion,leak_site,nokoyawa,,,,,
http://lirncvjfmdhv6samxvvlohfqx7jklfxoxj7xn3fh7qeabs3taemdsdqd.onion,leak_site,nokoyawa,,,,,
http://nokoleakb76znymx443veg4n6fytx6spck6pc7nkr4dvfuygpub6jsid.onion,leak_site,nokoyawa,,,,,
http://noname2j6zkgnt7ftxsjju5tfd3s45s4i3egq5bqtl72kgum4ldc6qyd.onion,leak_site,noname,,,,,
http://novaf2pxzvb7xzkunlctqfuifatnp6pnhctvrqakizqflzr3rvqbnqid.onion,leak_site,nova,,,,,
http://novav75eqkjoxct7xuhhwnjw5uaaxvznhtbykq6zal5x7tfevxzjyqyd.onion,leak_site,nova,,,,,
http://novadmrkp4vbk2padk5t6pbxolndceuc7hrcq4mjaoyed6nxsqiuzyyd.onion,leak_site,nova,,,,,
http://novaoddh3vxylxqpsfdjprliknbzgbkv6nkazpzu3cvykrgpyzuywryd.onion,leak_site,nova,,,,,
http://leak7y2247fj7dbb35rpfyxuyaqtwbshiwxp6h35ttzlhrxmhvi4fead.onion,leak_site,nova,,,,,
http://obscurad3aphckihv7wptdxvdnl5emma6t3vikcf3c5oiiqndq6y6xad.onion,leak_site,obscura,,,,,
http://5mvifa3xq5m7sou3xzaajfz7h6eserp5fnkwotohns5pgbb5oxty3zad.onion,leak_site,onepercent,,,,,
http://mrdxtxy6vqeqbmb4rvbvueh2kukb3e3mhu3wdothqn7242gztxyzycid.onion,leak_site,onyx,,,,,
http://orca66hwnpciepupe5626k2ib6dds6zizjwuuashz67usjps2wehz4id.onion,leak_site,orca,,,,,
http://cjfntkj5qeizxowuy3srceg7zo6namc3kfeor7pfn6bpdkl3w265ooid.onion,leak_site,orion,,,,,
http://mll5ddmdzgiq2siv3qnocmmqyiigfpajtc663xtf32qtp6weycyx2hyd.onion,leak_site,orova,,,,up,2026-09-04
http://ns7y6bxawualjj5rpo5num6syejd7hgaowrndk3r4duxu2iyinzv6hid.onion,leak_site,orova,,,,up,2026-09-04
http://osirisbm3357xrccnid23nlyuqwzbgqheaei6dxvyi34tbkqr3bmvfid.onion,leak_site,osiris,,,,,
http://vbfqeh5nugm6r2u2qvghsdxm3fotf5wbxb5ltv6vw77vus5frdpuaiid.onion,leak_site,pandora,,,,,
http://pnzruro7syvwvefx5mpo2fhzi4jftgquynsqf3vy5x3no57yp2iz4nyd.onion,leak_site,panzer,,,,up,2026-09-05
http://pay2key2zkg7arp3kv3cuugdaqwuesifnbofun4j6yjdw5ry7zw2asid.onion,leak_site,pay2key,,,,,
http://payloadrz5yw227brtbvdqpnlhq3rdcdekdnn3rgucbcdeawq2v6vuyd.onion,leak_site,payload,,,,,
http://payloadynyvabjacbun4uwhmxc7yvdzorycslzmnleguxjn7glahsvqd.onion,leak_site,payload,,,,,
http://vbmisqjshn4yblehk2vbnil53tlqklxsdaztgphcilto3vdj4geao5qd.onion,leak_site,payloadbin,,,,,
http://payoutsgn7cy6uliwevdqspncjpfxpmzgirwl2au65la7rfs5x3qnbqd.onion,leak_site,payoutsking,,,,,
http://q2bg7ljsrpmy6736qqmpwsnqqm3w6d3hhrokohytnmldbom7sthp4sad.onion,leak_site,pear,,,,,
http://xq5m6ofel63h57by46algju25g37zkdwoxxt7ij45b6obo4mxzc3h6id.onion,leak_site,pear,,,,,
http://aw6wb6lmqbtp5po7qrmvmujulbxw4eeeolpg3byva2bgoj44psdugmid.onion,leak_site,pear,,,,,
http://shtobqdovtbat7fvnoq6lqwi3rqirel6l2r6sqxiidfq5g33tqms6kyd.onion,leak_site,pear,,,,,
http://wu22mxmkgd4hgs7j3x7aqurgzhwzy3gf5qpwngpobpnet4i6myebutyd.onion,leak_site,pear,,,,,
http://ipi4tiumgzjsym6pyuzrfqrtwskokxokqannmd6sa24shvr7x5kxdvqd.onion,leak_site,play,,,,,
http://mbrlkbtq5jonaqkurjwmxftytyn2ethqvbxfu4rgjbkkknndqwae6byd.onion,leak_site,play,,,,,
http://k7kg3jqxang3wh7hnmaiokchk7qoebupfgoik6rha6mjpzwupwtj25yd.onion,leak_site,play,,,,,
http://j75o7xvvsm4lpsjhkjvb4wl2q6ajegvabe6oswthuaubbykk4xkzgpid.onion,leak_site,play,,,,,
http://vlofmq2u3f5amxmnblvxaghy73aedwta74fyceywr6eeguw3cn6h6uad.onion,leak_site,playboy,,,,,
http://prinzkpn6d3itrgcytmsmlcpt5mgwn3ihpck2hsed5cezlbtbi3wklid.onion,leak_site,prinzeugen,,,,up,2026-09-05
http://6cudc5cqa2bjpwdhcwm2lj6dbqejjjqzeo6ipwvmbazr6cgu7vfk3dad.onion,leak_site,prinzeugen,,,,down,2026-09-05
http://prinzfkbjiazbrur4mjje6mntjc4vydx3iatkkzycufoylqcoo4y7pqd.onion,leak_site,prinzeugen,,,,down,2026-09-05
http://relic5zqwemjnu4veilml6prgyedj6phs7de3udhicuq53z37klxm6qd.onion,leak_site,projectrelic,,,,,
http://msaoyrayohnp32tcgwcanhjouetb5k54aekgnwg7dcvtgtecpumrxpqd.onion,leak_site,prolock,,,,,
http://promethw27cbrcot.onion,leak_site,prometheus,,,,,
http://pysa2bitc5ldeyfak4seeruqymqs4sj5wt5qkcq7aoyg4h2acqieywad.onion,leak_site,pysa,,,,,
http://ji57fr53anp7wb44tbbnp72qcgbhqywy4jmbncawdcrejj5amuvh3zqd.onion,leak_site,qilin,,,,,
http://ozsxj4hwxub7gio347ac7tyqqozvfioty37skqilzo2oqfs4cw2mgtyd.onion,leak_site,qilin,,,,,
http://kbsqoivihgdmwczmxkbovk7ss2dcynitwhhfu5yw725dboqo5kthfaad.onion,leak_site,qilin,,,,,
http://ijzn3sicrcy7guixkzjkib4ukbiilwc3xhnmby4mcbccnsd7j2rekvqd.onion,leak_site,qilin,,,,,
http://62brsjf2w77ihz5paods33cdgqnon54gjns5nmag3hmqv6fcwamtkmad.onion,leak_site,qiulong,,,,,
http://gvka2m4qt5fod2fltkjmdk4gxh5oxemhpgmnmtjptms6fkgfzdd62tad.onion,leak_site,qlocker,,,,,
http://quantum445bh3gzuyilxdzs5xdepf3b7lkcupswvkryf3n7hgzpxebid.onion,leak_site,quantum,,,,,
http://22rnyep2aa2exx3fdm26p4onwjfmhciodb55v5l3w4iny7e5bxpg3yad.onion,leak_site,quantum,,,,,
http://z5jixbfejdu5wtxd2baliu6hwzgcitlspnttr7c2eopl5ccfcjrhkqid.onion,leak_site,rabbithole,,,,,
http://4q5tsu5o3msmv4am4dfhupwhzlyg7wv3lpswbvbhcrknr4ega7xetxad.onion,leak_site,radar,,,,,
http://3bnusfu2lgk5at43ceu7cdok5yv4gfbono2jv57ho74ucjvc7czirfid.onion,leak_site,radar,,,,,
http://trfqksm6peaeyz4q6egxbij5n2ih6zrg65of4kwasrejc7hnw2jtxryd.onion,leak_site,radiant,,,,,
http://p6o7m73ujalhgkiv.onion,leak_site,ragnarlocker,,,,,
http://rgleak7op734elep.onion,leak_site,ragnarlocker,,,,,
http://rgleaktxuey67yrgspmhvtnrqtgogur35lwdrup4d3igtbm3pupc4lyd.onion,leak_site,ragnarlocker,,,,,
http://ragnarnwvli32xnmwudsvhbl7klzmofxeylyhcqfc5ifx5mbybq3ekqd.onion,leak_site,ragnarlocker,,,,,
http://wobpitin77vdsdiswr43duntv6eqw4rvphedutpaxycjdie6gg3binad.onion,leak_site,ragnarok,,,,,
http://sushlnty2j7qdzy64qnvyb6ajkwg7resd3p6agc2widnawodtcedgjid.onion,leak_site,ragnarok,,,,,
http://novazzitmugtbjwuttc5hhsemkmvwh3iyt27oeeunu5mkw62qpfeykid.onion,leak_site,ralord,,,,,
http://ralordqe33mpufkpsr6zkdatktlu3t2uei4ught3sitxgtzfmqmbsuyd.onion,leak_site,ralord,,,,,
http://ralordt7gywtkkkkq2suldao6mpibsb7cpjvdfezpzwgltyj2laiuuid.onion,leak_site,ralord,,,,,
http://ralord3htj7v2dkavss2hjzviviwgsf4anfdnihn5qcjl6eb5if3cuqd.onion,leak_site,ralord,,,,,
http://rampjcdlqvgkoz5oywutpo6ggl7g6tvddysustfl6qzhr5osr24xxqqd.onion,leak_site,ramp,,,,,
http://wavbeudogz6byhnardd2lkp2jafims3j7tj6k6qnywchn2csngvtffqd.onion,leak_site,ramp,,,,,
http://ramp4u5iz4xx75vmt6nk5xfrs5mrmtokzszqxhhkjqlk7pbwykaz7zid.onion,leak_site,ramp,,,,,
http://ze677xuzard4lx4iul2yzf5ks4gqqzoulgj5u4n5n4bbbsxjbfr7eayd.onion,leak_site,rancoz,,,,,
http://ranionv3j2o7wrn3um6de33eccbchhg32mkgnnoi72enkpp7jc25h3ad.onion,leak_site,ranion,,,,,
http://mrbay3n14c2wxmhpro5tcdfjpqkeowfucbodic4ix6rzqtoss3ebhid.onion,leak_site,ransombay,,,,,
http://cartelirsn5l54ehcbalyyqtfb3j7be2rpvf6ujayaf5qqmg3vlwiayd.onion,leak_site,ransomcartel,,,,,
http://u67aylig7i6l657wxmp274eoilaowhp3boljowa6bli63rxyzfzsbtyd.onion,leak_site,ransomcartel,,,,,
http://cartelraqonekult2cxbzzz2ukiff7v6cav3w373uuhenybgqulxm5id.onion,leak_site,ransomcartel,,,,,
http://gg6owuhu72muoelkt2msjrp2llwr2on5634sk5v2xefzmobvryywbhid.onion,leak_site,ransomcortex,,,,,
http://g6ocfx3bb3pvdfawbgrbt3fqoht5t6dwc3hfmmueo76hz46qepidnxid.onion,leak_site,ransomed,,,,,
http://k63fo4qmdnl4cbt54sso3g6s5ycw7gf7i6nvxl3wcf3u6la2mlawt5qd.onion,leak_site,ransomed,,,,,
http://f6amq3izzsgtna4vw24rpyhy3ofwazlgex2zqdssavevvkklmtudxjad.onion,leak_site,ransomed,,,,,
http://rnsm777cdsjrsdlbs4v5qoeppu3px6sb2igmh53jzrx7ipcrbjz5b2ad.onion,leak_site,ransomexx,,,,,
http://zohlm7ahjwegcedoz7lrdrti7bvpofymcayotp744qhx6gjmxbuo2yid.onion,leak_site,ransomhouse,,,,,
http://secxrosqawaefsio3biv2dmi2c5yunf3t7ilwf54czq3v4bi7w6mbfad.onion,leak_site,ransomhouse,,,,,
http://xw7au5pnwtl6lozbsudkmyd32n6gnqdngitjdppybudan3x3pjgpmpid.onion,leak_site,ransomhouse,,,,,
http://ransomxifxwc5eteopdobynonjctkxxvap77yqifu2emfbecgbqdw6qd.onion,leak_site,ransomhub,,,,,
http://ransomgxjnwmu5ceqwo2jrjssxpoicolmgismfpnslaixg3pgpe5qcad.onion,leak_site,ransomhub,,,,,
http://fpwwt67hm3mkt6hdavkfyqi42oo3vkaggvjj4kxdr2ivsbzyka5yr2qd.onion,leak_site,ransomhub,,,,,
http://ransekgbpijp56bflufgxptwn5hej2rztx423v6sim2zrzz7xetnr2qd.onion,leak_site,ranstreet,,,,,
http://37rckgo66iydpvgpwve7b2el5q2zhjw4tv4lmyewufnpx4lhkekxkoqd.onion,leak_site,ranzy,,,,,
http://raworldw32b2qxevn3gp63pvibgixr4v75z62etlptg3u3pmajwra4ad.onion,leak_site,raworld,,,,,
http://pa32ymaeu62yo5th5mraikgw5fcvznnsiiwti42carjliarodltmqcqd.onion,leak_site,raworld,,,,,
http://f6amq3izzsgtna4vw24rpyhy3ofwazlgex2zqdssavevvkklmtudxjad.onion,leak_site,raznatovic,,,,,
http://neclc36yt4yaa5lv54kh4qbhvjcvuv6nnaurqowkellytpvj3afh4aid.onion/companies,leak_site,redact,,,,up,2026-09-05
http://neclc36yt4yaa5lv54kh4qbhvjcvuv6nnaurqowkellytpvj3afh4aid.onion,leak_site,redact,,,,up,2026-09-05
http://je2yizds7r4uidk6uixfxwjj5w7or2agit4aj66l4lrhdbrvr3lsymid.onion,leak_site,redalert,,,,,
http://blog2hkbm6gogpv2b3uytzi3bj5d5zmc4asbybumjkhuqhas355janyd.onion,leak_site,redalert,,,,,
http://33zo6hifw4usofzdnz74fm2zmhd3zsknog5jboqdgblcbwrmpcqzzbid.onion,leak_site,redransomware,,,,,
http://blogxxu75w63ujqarv476otld7cyjkq4yoswzt4ijadkjwvg3vrvd5yd.onion,leak_site,revil,,,,,
http://aplebzu47wgazapdqks6vrcv6zcnjppkbxbr6wketf56nf6aq2nmyoyd.onion,leak_site,revil,,,,,
http://dnpscnbaix6nkwvystl3yxglz7nteicqrou3t75tpcc5532cztc46qyd.onion,leak_site,revil,,,,,
http://bs2tlg32pfjwmclm22cyngqmoo24cdlhfxzbruwrdaxumisfeory32qd.onion,leak_site,reynolds,,,,,
http://rhysidafohrhyy2aszi7bm32tnjat5xri65fopcxkdfxhi4tidsg7cad.onion,leak_site,rhysida,,,,,
http://rhysidafc6lm7qa2mkiukbezh7zuth3i4wof4mh2audkymscjm6yegad.onion,leak_site,rhysida,,,,,
http://gamol6n6p2p4c3ad7gxmx3ur7wwdwlywebo2azv3vv5qlmjmole2zbyd.onion,leak_site,rook,,,,,
http://royal2xthig3ou5hd7zsliqagy6yygk2cdelaxtni2fyad6dpmpxedid.onion,leak_site,royal,,,,,
http://royal4ezp7xrbakkus3oofjw6gszrohpodmdnfbe5e4w3og5sm7vb3qd.onion,leak_site,royal,,,,,
http://t2tqvp4pctcr7vxhgz5yd5x4ino5tw7jzs3whbntxirhp32djhi7q3id.onion,leak_site,rransom,,,,,
http://rnsmwareartse3m4hjsumjf222pnka6gad26cqxqmbjvevhbnym5p6ad.onion,leak_site,runsomewares,,,,up,2026-09-05
http://oow7rehrxlzpy6vh3hezl2khstkpa6s7wx3iit74tr6xbjibupld5iad.onion,leak_site,runsomewares,,,,down,2026-09-05
http://nidzkoszg57upoq7wcalm2xxeh4i6uumh36axsnqnj3i7lep5uhkehyd.onion,leak_site,runsomewares,,,,down,2026-09-05
http://54bb47h5qu4k7l4d7v5ix3i6ak6elysn3net4by4ihmvrhu7cvbskoqd.onion,leak_site,sabbath,,,,,
http://cqkrkmmivhakl3fwgxscurduu3znmroablt7jskxszkctixyseij5gad.onion,leak_site,safepay,,,,,
http://nj5qix45sxnl4h4og6hcgwengg2oqloj3c2rhc6dpwiofx3jbivcs6qd.onion,leak_site,safepay,,,,,
http://j3dp6okmaklajrsk6zljl5sfa2vpui7j2w6cwmhmmqhab6frdfbphhid.onion,leak_site,safepay,,,,,
http://nz4z6ruzcekriti5cjjiiylzvrmysyqwibxztk6voem4trtx7gstpjid.onion,leak_site,safepay,,,,,
http://safepaypfxntwixwjrlcscft433ggemlhgkkdupi2ynhtcmvdgubmoyd.onion,leak_site,safepay,,,,,
http://sarcomawmawlhov7o5mdhz4eszxxlkyaoiyiy2b5iwxnds2dmb4jakad.onion,leak_site,sarcoma,,,,,
http://tzhwmgguyxrg6q3tu4q3gvopcjynrhw6ryx2bdl5ghisdkyunfua5xyd.onion,leak_site,satanlockv2,,,,,
http://secponewsxgrlnirowclps2kllzaotaf5w2bsvktdnz4qhjr2jnwvvyd.onion,leak_site,secp0,,,,,
http://v76bdil3v7hczufr7kwk75eq6oks27d3qwj6v5ajj6v6rubbvwhcq2qd.onion,leak_site,section9,,,,down,2026-09-05
http://securo45z554mw7rgrt7wcgv5eenj2xmxyrsdj3fcjsvindu63s4bsid.onion,leak_site,securotrop,,,,,
http://gmixcebhni6c3kcf5m7xxybomaphj7pizoqtxiqmrz5wsh6g6x5s2wqd.onion,leak_site,sensayq,,,,down,2026-09-05
http://rz5lecsm2re5ec4im362jnalrypxylxsdobuibuotbovvs4d3ctrcoyd.onion,leak_site,settra,,,,,
http://r2vpglmz42fs5762tchek55bg4kdg3c6ozipg7wqs2ghzbhsdtwkzmyd.onion,leak_site,settra,,,,,
http://ttfy4zmtiaywfkkmykpxiwtlxkcr5ofvrhqgxxyspgwzbxkc3uze7jid.onion,leak_site,settra,,,,,
http://pbxvml6h3wz35qlr5muy2cg5jvjsd4qhjlsztmxj4lqkyohnfdrntqyd.onion,leak_site,settra,,,,,
http://hhj2nouojnatg6gvhfgrcqdanoe244gf26pixpnrcoxs7jiqu4atvzyd.onion,leak_site,settra,,,,,
http://sevykkkuzbxjpkb7gtfxnltn73bm6vaxglxh5xsd55trqqew3xpowwid.onion,leak_site,sevyware,,,,down,2026-09-05
http://lc65fb3wrvox6xlyn4hklwjcojau55diqxxylqs4qsfng23ftzijnxad.onion,leak_site,shadow,,,,,
http://sdwbyttda4uzwdffbt4m7niuodiwhcgmkyxqg5nly2bjxqa6xtbe3fyd.onion,leak_site,shadowbyt3$,,,,up,2026-09-05
http://shdwbt3ja2ptjt6poluegas44i35727lgmoqqquoww642x3zyocyhuqd.onion,leak_site,shadowbyt3$,,,,down,2026-09-05
http://mfbbt65kir2drc7tuoukwibikgvxquauscnzgbeltkmidjtgqlzm2qad.onion,leak_site,shadowbyt3$,,,,down,2026-09-05
http://sdwbytqeb664krp2wz2qs3lxxah2rhneuotot5hy7g4jpn2pindigcad.onion,leak_site,shadowbyt3$,,,,down,2026-09-05
http://52rtvdymcqvebbamd3la3wtu3ofrcuzuzja3vrsu6wiyrq223osptzqd.onion,leak_site,shadowbyt3$,,,,down,2026-09-05
http://crptd5sv5bdz6hovrbkac6mnp3rt7zij62njsqwh5a6ldd3asxdd22qd.onion,leak_site,shaoleaks,,,,,
http://shibaitobajtr6yctvrijfitnugfulkmprrqbmu2ysk3zyzx2ufe3yqd.onion,leak_site,shiba,,,,up,2026-09-04
http://toolatedhs5dtr2pv6h5kdraneak5gs3sxrecqhoufc5e45edior7mqd.onion,leak_site,shinyhunters,,,,,
http://shinypogk4jjniry5qi7247tznop6mxdrdte2k6pdu5cyo43vdzmrwid.onion,leak_site,shinyhunters,,,,,
http://shnyhntww34phqoa6dcgnvps2yu7dlwzmy5lkvejwjdo6z7bmgshzayd.onion,leak_site,shinyhunters,,,,,
http://sh1nysp1d3rxyz123456789abcdefghijklmnopqrstuvwxyz.onion,leak_site,shinysp1d3r,,,,down,2026-09-04
http://sicarilxx2br6esqnhad4w26bcgb5j2snbbnhyo4b6t7kby2oy4x3jad.onion,leak_site,sicarii,,,,,
http://sicari7zpu3mtxqggde7mu3ywppntdqg22arcukvlaihjbfcb2rnktid.onion,leak_site,sicarii,,,,,
http://nv5p2mmpctvyqdyyi5zwh4gnifq2uxdx4etvnmaheqlrw6ordrjwxryd.onion,leak_site,siegedsec,,,,,
http://silentbgdghp3zeldwpumnwabglreql7jcffhx5vqkvtf2lshc4n5zid.onion,leak_site,silent,,,,,
http://oyhxnbth6rtj7gbpfvzucjnne6bjpqzkbkvvnolvtmyiutzthct3udqd.onion,leak_site,silent,,,,,
http://sinobia6mw6ht2wcdjphessyzpy7ph2y4dyqbd74bgobgju4ybytmkqd.onion,leak_site,sinobi,,,,,
http://sinobi6ftrg27d6g4sjdt65malds6cfptlnjyw52rskakqjda6uvb7yd.onion,leak_site,sinobi,,,,,
http://sinobi7l3wet3uqn4cagjiessuomv75aw3bvgah4jpj43od7xndb7kad.onion,leak_site,sinobi,,,,,
http://sinobi6rlec6f2bgn6rd72xo7hvds4a5ajiu2if4oub2sut7fg3gomqd.onion,leak_site,sinobi,,,,,
http://sinobi6ywgmmvg2gj2yygkb2hxbimaxpqkyk27wti5zjwhfcldhackid.onion,leak_site,sinobi,,,,,
http://mtgc3qvyedjnfu7cen2zsupdppi5ys5g2hm6xwujvoepw25p4dy6huid.onion,leak_site,skira,,,,,
http://3ytm3d25hfzvbylkxiwyqmpvzys5of7l4pbosm7ol7czlkplgukjq6yd.onion,leak_site,slug,,,,,
http://hl66646wtlp2naoqnhattngigjp5palgqmbwixepcjyq5i534acgqyad.onion,leak_site,snatch,,,,,
http://solidb2jco63vbhx4sfimnqmwhtdjk4jbbgq7a24cmzzkfse4rduxgid.onion,leak_site,solidbit,,,,,
http://z3mojpjnxt5tgqvu4wgosihl7pxvrcbyjcgquw2bwkyye5gwbhnf4kqd.onion,leak_site,sovcali,,,,up,2026-09-05
http://5butbkrljkaorg5maepuca25oma7eiwo6a2rlhvkblb4v6mf3ki2ovid.onion,leak_site,spacebears,,,,,
http://zj2ex44e2b2xi43m2txk4uwi3l55aglsarre7repw7rkfwpj54j46iqd.onion,leak_site,sparta,,,,,
http://spookuhvfyxzph54ikjfwf2mwmxt572krpom7reyayrmxbkizbvkpaid.onion,leak_site,spook,,,,,
http://yqhecvqtdvq6p7duqcgw2qca77spbgakxcoibtx6zpvfshltsbbbhfqd.onion,leak_site,storm,,,,up,2026-09-04
http://3slz4povugieoi3tw7sblxoowxhbzxeju427cffsst5fo2tizepwatid.onion,leak_site,stormous,,,,,
http://h3reihqb2y7woqdary2g3bmk3apgtxuyhx4j2ftovbhe3l5svev7bdyd.onion,leak_site,stormous,,,,,
http://stmxylixiz4atpmkspvhkym4xccjvpcv3v67uh3dze7xwwhtnz4faxid.onion,leak_site,stormous,,,,,
http://pdcizqzjitsgfcgqeyhuee5u6uki6zy5slzioinlhx6xjnsw25irdgqd.onion,leak_site,stormous,,,,,
http://chat5sqrnzqewampznybomgn4hf2m53tybkarxk4sfaktwt7oqpkcvyd.onion,leak_site,sugar,,,,,
http://nbzzb6sa6xuura2z.onion,leak_site,suncrypt,,,,,
http://x2miyuiwpib2imjr5ykyjngdu7v6vprkkhjltrk4qafymtawey4qzwid.onion,leak_site,suncrypt,,,,,
http://xqkz2rmrqkeqf6sjbrb47jfwnqxcd4o2zvaxxzrpbh2piknms37rw2ad.onion,leak_site,synack,,,,,
http://tp5cwh6d2b5hekcg6jlhoe6mawa7dlwiv47epvnfmzuaaur2dnaa3uid.onion,leak_site,teamxxx,,,,,
http://longcc4fqrfcqt5lzceutylaxir6h66fp6df3oin6mvwvz6pfdbxc6qd.onion,leak_site,tengu,,,,,
http://termiteuslbumdge2zmfmfcsrvmvsfe4gvyudc5j6cdnisnhtftvokid.onion,leak_site,termite,,,,,
http://i2ohjeeqe37jre4f2u7pyq73cbm6lecumdxapkvrlryna6rc3it4zsid.onion,leak_site,thegentlemen,,,,,
http://tezwsse5czllksjb7cwp65rvnk4oobmzti2znn42i43bjdfd2prqqkad.onion,leak_site,thegentlemen,,,,,
http://scbrksw5fgjtujc2ah42roo6bij2unr2tggfcynpbql5a7yp3s22taid.onion,leak_site,the green blood group,,,,down,2026-09-05
http://scbrksw5fgjtujc2ah42roo6bij2unr2tggfcynpbql5a7yp3s22taid.onion,leak_site,thegreenbloodgroup,,,,,
http://threeam7fj33rv5twe5ll7gcrp3kkyyt6ez5stssixnuwh4v3csxdwqd.onion,leak_site,threeam,,,,,
http://threeamkelxicjsaf2czjyz2lc4q3ngqkxhhlexyfcp2o6raw4rphyad.onion,leak_site,threeam,,,,,
http://rzzfiwoop67jrxadngcy7nvjm7suwtrjznview63ooowqfsm5sq7gmqd.onion,leak_site,timc,,,,up,2026-09-05
http://x4bccxlsmjsxlnnf3ocvndlshgfkagzytpqmsjnlfykceumnw6i4hkqd.onion,leak_site,titan,,,,,
http://x4bccxlsmjsxlnnf3ocvndlshgfkagzytpqmsjnlfykceumnw6i4hkqd.onion/awaiting,leak_site,titan,,,,,
http://xir242nunyist4d7ksfnfmhnjx4gvqbuzo7eax4o3abqjesbxjshh4qd.onion,leak_site,tommyleaks,,,,down,2026-09-04
http://tridentfrdy6jydwywfx4vx422vnto7pktao2gyx2qdcwjanogq454ad.onion/articles,leak_site,tridentlocker,,,,,
http://tridentfrdy6jydwywfx4vx422vnto7pktao2gyx2qdcwjanogq454ad.onion,leak_site,tridentlocker,,,,,
http://3x55o3u2b7cjs54eifja5m3ottxntlubhjzt6k6htp5nrocjmsxxh7ad.onion,leak_site,trigona,,,,,
http://trigonax2zb3fw34rbaap4cqep76zofxs53zakrdgcxzq6xzt24l5lqd.onion,leak_site,trigona,,,,,
http://krsbhaxbki6jr4zvwblvkaqzjkircj7cxf46qt3na5o5sj2hpikbupqd.onion,leak_site,trigona,,,,,
http://6n5tfadusp4sarzuxntz34q4ohspiaya2mc6aw6uhlusfqfsdomavyyd.onion,leak_site,trigona,,,,,
http://txtggyng5euqkyzl2knbejwpm4rlq575jn2egqldu27osbqytrj6ruyd.onion,leak_site,trinity,,,,,
http://ojcmpbdncjo5dhaxxll44bq6to3kwqtoeraevgsjquhdtt4uv5l4igid.onion,leak_site,triple x,,,,down,2026-09-05
http://orfc3joknhrzscdbuxajypgrvlcawtuagbj7f44ugbosuvavg3dc3zid.onion,leak_site,trisec,,,,,
http://pkk4gbz7lsbgeja6s6iwsan2ce364sqioici65swwt65uhicke65uyid.onion,leak_site,trisec,,,,,
http://contiuevxdgdhn3zl2kubpajtfgqq4ssj2ipv6ujw7fwhggev3rk6hqd.onion,leak_site,u-bomb,,,,,
http://egm34gsyx65wb6jyqds4esvkskl34barx4robuebjhqpc4dfeavg7fyd.onion,leak_site,ulose,,,,up,2026-09-05
http://undgrddapc4reaunnrdrmnagvdelqfvmgycuvilgwb5uxm25sxawaoqd.onion,leak_site,underground,,,,,
http://47glxkuxyayqrvugfumgsblrdagvrah7gttfscgzn56eyss5wg3uvmqd.onion,leak_site,underground,,,,,
http://tdoe2fiiamwkiadhx2a4dfq56ztlqhzl2vckgwmjtoanfaya4kqvvvyd.onion,leak_site,unknown,,,,,
http://darktorhvabc652txfc575oendhykqcllb7bh7jhhsjduocdlyzdbmqd.onion,leak_site,unknown,,,,,
http://unsafeipw6wbkzzmj7yqp7bz6j7ivzynggmwxsm6u2wwfmfqrxqrrhyd.onion,leak_site,unsafe,,,,,
http://4tpksbx73v5bewqr7kanwmkegyldfq6deir6cpv5zeaxg3mrnsk35eyd.onion,leak_site,valencialeaks,,,,down,2026-09-05
http://6doyqxqqj36vnedtt2zwxmngx52mgyp7brbrtwkyd75jgiolocoybgid.onion,leak_site,valencialeaks,,,,down,2026-09-05
http://vanhelqmjstkvlhrjwzgjzpq422iku6wlggiz5y5r3rmfdeiaj3ljaid.onion,leak_site,vanhelsing,,,,down,2026-09-05
http://vanhelsokskrlaacilyfmtuqqa5haikubsjaokw47f3pt3uoivh6cgad.onion,leak_site,vanhelsing,,,,down,2026-09-05
http://vanhelxjo52qr2ixcmtjayqqrcodkuh36n7uq7q7xj23ggotyr3y72yd.onion,leak_site,vanhelsing,,,,down,2026-09-05
http://vanheltarnbfjhuvggbncniap56dscnzz5yf6yjmxqivqmb5r2gmllad.onion,leak_site,vanhelsing,,,,down,2026-09-05
http://vanhelvuuo4k3xsiq626zkqvp6kobc2abry5wowxqysibmqs5yjh4uqd.onion,leak_site,vanhelsing,,,,down,2026-09-05
http://6xdpj3sb5kekvq5ulym5qqmzsv6ektjgvpmajns3qrafgxtyxrhokfqd.onion,leak_site,vanirgroup,,,,,
http://breach5yz2b5lepmq4gaqwcon3jippw3bislhvvdavem5git55sy2nid.onion,leak_site,vect,,,,,
http://bu7zr6fotni3qxxoxlcmpikwtp5mjzy7jkxt7akflnm2kwkbdtgtjuid.onion,leak_site,vect,,,,,
http://vectordntlcrlmfkcm4alni734tbcrnd5lk44v6sp4lqal6noqrgnbyd.onion,leak_site,vect,,,,,
http://test.cuba4ikm4jakjgmkezytyawtdgr2xymvy6nvzgw5cglswg3si76icnqd.onion,leak_site,vendetta,,,,,
http://746pbrxl7acvrlhzshosye3b3udk4plurpxt2pp27pojfhkkaooqiiqd.onion,leak_site,vfokx,,,,,
http://vfokxcdzjbpehgit223vzdzwte47l3zcqtafj34qrr26htjo4uf3obid.onion,leak_site,vfokx,,,,,
http://wmp2rvrkecyx72i3x7ejhyd3yr6fn5uqo7wfus7cz7qnwr6uzhcbrwad.onion,leak_site,vicesociety,,,,,
http://ecdmr42a34qovoph557zotkfvth4fsz56twvwgiylstjup4r5bpc4oad.onion,leak_site,vicesociety,,,,,
http://4hzyuotli6maqa4u.onion,leak_site,vicesociety,,,,,
http://ml3mjpuhnmse4kjij7ggupenw34755y4uj7t742qf7jg5impt5ulhkid.onion,leak_site,vicesociety,,,,,
http://ssq4zimieeanazkzc5ld4v5hdibi2nzwzdibfh5n5w4pw5mcik76lzyd.onion,leak_site,vicesociety,,,,,
http://4dwiv37h7hhuhjpvtn72hme4ylcv3qoe65arfc6mbweal7als6ma7pyd.onion,leak_site,wallstreet,,,,up,2026-09-05
http://weepangrbqjfsxd2noz4bmolztnqsma3vw4c6qfnbfusadzd2m26emqd.onion,leak_site,walocker,,,,,
http://ocwjy4ynmpbbzhumh2ama2vl3bc77lf5auqf7nf4k45lbmzoep2rbyid.onion,leak_site,warlock,,,,,
http://elqfbcx5nofwtqfookqml7ltx2g6q6tmddys6e25vgu3al2meim6cbqd.onion,leak_site,warlock,,,,,
http://zfytizegsze6uiswodhbaalyy5rawaytv2nzyzdkt3susbewviqqh7yd.onion,leak_site,warlock,,,,,
http://warlockhga5iw3t54ps5iytlilf7hlvxy7kwrkidspn4qoh64s4vsuyd.onion,leak_site,warlock,,,,,
http://xtxtpqpyaaek4p4525ksepyyy75gfvi47fptm2gftw7cn656rnfhzdqd.onion,leak_site,weyhro,,,,,
http://weyhro27ruifvuqkk3hxzcrtxv2lsalntxgkv6q2j3znkhdqudz54rqd.onion,leak_site,weyhro,,,,,
http://worldleaksartrjm3c6vasllvgacbi5u3mgzkluehrzhk2jz4taufuid.onion,leak_site,worldleaks,,,,,
http://nalr2uqsave7y2r235am5jsfiklfjh5h4jc5nztu3rzvmhklwt5j6kid.onion,leak_site,x001xs,,,,,
http://xingnewj6m4qytljhfwemngm7r7rogrindbq7wrfeepejgxc3bwci7qd.onion,leak_site,xinglocker,,,,,
http://wj3b2wtj7u2bzup75tzhnso56bin6bnvsxcbwbfcuvzpc4vcixbywlid.onion,leak_site,xinof,,,,,
http://37lfmtakhknzx5t6k57ieijkiqrc4c3kpimfvrmafva25ut2tknvw3yd.onion,leak_site,xp95,,,,,
http://2kieaq6jnwgrru62wwtxaafg35q6rzweg7y2xjfnbhvq5wd4eojqv6yd.onion,leak_site,xpl0itrs,,,,,
http://jukswsxbh3jsxuddvidrjdvwuohtsy4kxg2axbppiyclomt2qciyfoad.onion,leak_site,yanluowang,,,,,
http://fewcriet5rhoy66k6c4cyvb2pqrblxtx4mekj3s5l4jjt4t4kn4vheyd.onion,leak_site,yurei,,,,,
http://fyenuhkq3pfhnbpidj5jm2fl2lryxip4byhg6eozynrnlomu4szf2nyd.onion,leak_site,zawoo,,,,down,2026-09-05
http://zeonrefpbompx6rwdqa5hxgtp2cxgfmoymlli3azoanisze33pp3x3yd.onion,leak_site,zeon,,,,,
http://ghfuviaplse6nbeowu7ghhid5hdowutbwbrv77aqgwco2b2ntgj3auad.onion,leak_site,zerolockersec,,,,,
http://zhuobnfsddn2myfxxdqtpxk367dqnntjf3kq7mrzdgienfxjyllq4rqd.onion,leak_site,zerotolerance,,,,,
